Notebook Path,Notebook Name,Character Count
C:\Users\jbous\Desktop\Data-Analyst\Work_Ordner\Self_Education\Files\Data_Analyses,Count.ipynb,4293
C:\Users\jbous\Desktop\Data-Analyst\Work_Ordner\Self_Education\Files\Data_Analyses,_Inhaltsverzeichnis_Data_Analyses_.ipynb,4990
C:\Users\jbous\Desktop\Data-Analyst\Work_Ordner\Self_Education\Files\Data_Analyses,_Syllabus_PCED_.ipynb,23545
C:\Users\jbous\Desktop\Data-Analyst\Work_Ordner\Self_Education\Files\Data_Analyses\.ipynb_checkpoints,Count-checkpoint.ipynb,4240
C:\Users\jbous\Desktop\Data-Analyst\Work_Ordner\Self_Education\Files\Data_Analyses\.ipynb_checkpoints,_Inhaltsverzeichnis_Data_Analyses_-checkpoint.ipynb,4990
C:\Users\jbous\Desktop\Data-Analyst\Work_Ordner\Self_Education\Files\Data_Analyses\.ipynb_checkpoints,_Syllabus_PCED_-checkpoint.ipynb,23501
C:\Users\jbous\Desktop\Data-Analyst\Work_Ordner\Self_Education\Files\Data_Analyses\Themen\Data_Cleaning,ausreisser_erkennen.ipynb,22315
C:\Users\jbous\Desktop\Data-Analyst\Work_Ordner\Self_Education\Files\Data_Analyses\Themen\Data_Cleaning,Datenfehler_und_Inkonsistenzen_erkennen.ipynb,10410
C:\Users\jbous\Desktop\Data-Analyst\Work_Ordner\Self_Education\Files\Data_Analyses\Themen\Data_Cleaning,Daten_strukturiert.ipynb,28290
C:\Users\jbous\Desktop\Data-Analyst\Work_Ordner\Self_Education\Files\Data_Analyses\Themen\Data_Cleaning,Daten_unstrukturiert.ipynb,38998
C:\Users\jbous\Desktop\Data-Analyst\Work_Ordner\Self_Education\Files\Data_Analyses\Themen\Data_Cleaning,double.ipynb,19
C:\Users\jbous\Desktop\Data-Analyst\Work_Ordner\Self_Education\Files\Data_Analyses\Themen\Data_Cleaning,einfluss_des_datentyps.ipynb,11324
C:\Users\jbous\Desktop\Data-Analyst\Work_Ordner\Self_Education\Files\Data_Analyses\Themen\Data_Cleaning,fehlende_daten_techniken.ipynb,2490
C:\Users\jbous\Desktop\Data-Analyst\Work_Ordner\Self_Education\Files\Data_Analyses\Themen\Data_Cleaning,Fehlerarten.ipynb,10082
C:\Users\jbous\Desktop\Data-Analyst\Work_Ordner\Self_Education\Files\Data_Analyses\Themen\Data_Cleaning,Korrektur_loeschung.ipynb,11874
C:\Users\jbous\Desktop\Data-Analyst\Work_Ordner\Self_Education\Files\Data_Analyses\Themen\Data_Cleaning,outlier.ipynb,21
C:\Users\jbous\Desktop\Data-Analyst\Work_Ordner\Self_Education\Files\Data_Analyses\Themen\Data_Cleaning,uebung_mit_datensatz_house_prices.ipynb,6770
C:\Users\jbous\Desktop\Data-Analyst\Work_Ordner\Self_Education\Files\Data_Analyses\Themen\Data_Cleaning,Umgang_und_Behebung_fehlerhafte_daten.ipynb,14989
C:\Users\jbous\Desktop\Data-Analyst\Work_Ordner\Self_Education\Files\Data_Analyses\Themen\Data_Cleaning,_Data_Cleaning_.ipynb,127
C:\Users\jbous\Desktop\Data-Analyst\Work_Ordner\Self_Education\Files\Data_Analyses\Themen\Data_Cleaning\.ipynb_checkpoints,ausreisser_erkennen-checkpoint.ipynb,22315
C:\Users\jbous\Desktop\Data-Analyst\Work_Ordner\Self_Education\Files\Data_Analyses\Themen\Data_Cleaning\.ipynb_checkpoints,Datenfehler_und_Inkonsistenzen_erkennen-checkpoint.ipynb,10410
C:\Users\jbous\Desktop\Data-Analyst\Work_Ordner\Self_Education\Files\Data_Analyses\Themen\Data_Cleaning\.ipynb_checkpoints,Daten_strukturiert-checkpoint.ipynb,28290
C:\Users\jbous\Desktop\Data-Analyst\Work_Ordner\Self_Education\Files\Data_Analyses\Themen\Data_Cleaning\.ipynb_checkpoints,Daten_unstrukturiert-checkpoint.ipynb,38998
C:\Users\jbous\Desktop\Data-Analyst\Work_Ordner\Self_Education\Files\Data_Analyses\Themen\Data_Cleaning\.ipynb_checkpoints,double-checkpoint.ipynb,19
C:\Users\jbous\Desktop\Data-Analyst\Work_Ordner\Self_Education\Files\Data_Analyses\Themen\Data_Cleaning\.ipynb_checkpoints,einfluss_des_datentyps-checkpoint.ipynb,11324
C:\Users\jbous\Desktop\Data-Analyst\Work_Ordner\Self_Education\Files\Data_Analyses\Themen\Data_Cleaning\.ipynb_checkpoints,fehlende_daten_techniken-checkpoint.ipynb,2490
C:\Users\jbous\Desktop\Data-Analyst\Work_Ordner\Self_Education\Files\Data_Analyses\Themen\Data_Cleaning\.ipynb_checkpoints,Fehlerarten-checkpoint.ipynb,10082
C:\Users\jbous\Desktop\Data-Analyst\Work_Ordner\Self_Education\Files\Data_Analyses\Themen\Data_Cleaning\.ipynb_checkpoints,Korrektur_loeschung-checkpoint.ipynb,11874
C:\Users\jbous\Desktop\Data-Analyst\Work_Ordner\Self_Education\Files\Data_Analyses\Themen\Data_Cleaning\.ipynb_checkpoints,outlier-checkpoint.ipynb,21
C:\Users\jbous\Desktop\Data-Analyst\Work_Ordner\Self_Education\Files\Data_Analyses\Themen\Data_Cleaning\.ipynb_checkpoints,uebung_mit_datensatz_house_prices-checkpoint.ipynb,6770
C:\Users\jbous\Desktop\Data-Analyst\Work_Ordner\Self_Education\Files\Data_Analyses\Themen\Data_Cleaning\.ipynb_checkpoints,Umgang_und_Behebung_fehlerhafte_daten-checkpoint.ipynb,14989
C:\Users\jbous\Desktop\Data-Analyst\Work_Ordner\Self_Education\Files\Data_Analyses\Themen\Data_Cleaning\.ipynb_checkpoints,_Data_Cleaning_-checkpoint.ipynb,127
C:\Users\jbous\Desktop\Data-Analyst\Work_Ordner\Self_Education\Files\Data_Analyses\Themen\Data_Collection,Anonymisierung.ipynb,28259
C:\Users\jbous\Desktop\Data-Analyst\Work_Ordner\Self_Education\Files\Data_Analyses\Themen\Data_Collection,API.ipynb,2554
C:\Users\jbous\Desktop\Data-Analyst\Work_Ordner\Self_Education\Files\Data_Analyses\Themen\Data_Collection,auslesen.ipynb,707
C:\Users\jbous\Desktop\Data-Analyst\Work_Ordner\Self_Education\Files\Data_Analyses\Themen\Data_Collection,combining_data.ipynb,18573
C:\Users\jbous\Desktop\Data-Analyst\Work_Ordner\Self_Education\Files\Data_Analyses\Themen\Data_Collection,Datenaggregation_Herausforderungen.ipynb,7003
C:\Users\jbous\Desktop\Data-Analyst\Work_Ordner\Self_Education\Files\Data_Analyses\Themen\Data_Collection,Datenkonsistenz_Genauigkeit.ipynb,5690
C:\Users\jbous\Desktop\Data-Analyst\Work_Ordner\Self_Education\Files\Data_Analyses\Themen\Data_Collection,Einfluss.ipynb,15564
C:\Users\jbous\Desktop\Data-Analyst\Work_Ordner\Self_Education\Files\Data_Analyses\Themen\Data_Collection,Interview.ipynb,3423
C:\Users\jbous\Desktop\Data-Analyst\Work_Ordner\Self_Education\Files\Data_Analyses\Themen\Data_Collection,recht_ethik.ipynb,17129
C:\Users\jbous\Desktop\Data-Analyst\Work_Ordner\Self_Education\Files\Data_Analyses\Themen\Data_Collection,Stichproben.ipynb,4185
C:\Users\jbous\Desktop\Data-Analyst\Work_Ordner\Self_Education\Files\Data_Analyses\Themen\Data_Collection,Umfragen.ipynb,6182
C:\Users\jbous\Desktop\Data-Analyst\Work_Ordner\Self_Education\Files\Data_Analyses\Themen\Data_Collection,_Data_Collection_.ipynb,24607
C:\Users\jbous\Desktop\Data-Analyst\Work_Ordner\Self_Education\Files\Data_Analyses\Themen\Data_Collection\.ipynb_checkpoints,Anonymisierung-checkpoint.ipynb,28250
C:\Users\jbous\Desktop\Data-Analyst\Work_Ordner\Self_Education\Files\Data_Analyses\Themen\Data_Collection\.ipynb_checkpoints,API-checkpoint.ipynb,2554
C:\Users\jbous\Desktop\Data-Analyst\Work_Ordner\Self_Education\Files\Data_Analyses\Themen\Data_Collection\.ipynb_checkpoints,auslesen-checkpoint.ipynb,707
C:\Users\jbous\Desktop\Data-Analyst\Work_Ordner\Self_Education\Files\Data_Analyses\Themen\Data_Collection\.ipynb_checkpoints,combining_data-checkpoint.ipynb,18573
C:\Users\jbous\Desktop\Data-Analyst\Work_Ordner\Self_Education\Files\Data_Analyses\Themen\Data_Collection\.ipynb_checkpoints,Datenaggregation_Herausforderungen-checkpoint.ipynb,7003
C:\Users\jbous\Desktop\Data-Analyst\Work_Ordner\Self_Education\Files\Data_Analyses\Themen\Data_Collection\.ipynb_checkpoints,Datenkonsistenz_Genauigkeit-checkpoint.ipynb,5690
C:\Users\jbous\Desktop\Data-Analyst\Work_Ordner\Self_Education\Files\Data_Analyses\Themen\Data_Collection\.ipynb_checkpoints,Einfluss-checkpoint.ipynb,15555
C:\Users\jbous\Desktop\Data-Analyst\Work_Ordner\Self_Education\Files\Data_Analyses\Themen\Data_Collection\.ipynb_checkpoints,Interview-checkpoint.ipynb,3423
C:\Users\jbous\Desktop\Data-Analyst\Work_Ordner\Self_Education\Files\Data_Analyses\Themen\Data_Collection\.ipynb_checkpoints,recht_ethik-checkpoint.ipynb,17129
C:\Users\jbous\Desktop\Data-Analyst\Work_Ordner\Self_Education\Files\Data_Analyses\Themen\Data_Collection\.ipynb_checkpoints,Stichproben-checkpoint.ipynb,4185
C:\Users\jbous\Desktop\Data-Analyst\Work_Ordner\Self_Education\Files\Data_Analyses\Themen\Data_Collection\.ipynb_checkpoints,Umfragen-checkpoint.ipynb,6182
C:\Users\jbous\Desktop\Data-Analyst\Work_Ordner\Self_Education\Files\Data_Analyses\Themen\Data_Collection\.ipynb_checkpoints,_Data_Collection_-checkpoint.ipynb,24607
C:\Users\jbous\Desktop\Data-Analyst\Work_Ordner\Self_Education\Files\Data_Analyses\Themen\Data_Collection\Test,Quantitavie_Analyse.ipynb,219
C:\Users\jbous\Desktop\Data-Analyst\Work_Ordner\Self_Education\Files\Data_Analyses\Themen\Data_Collection\Test\.ipynb_checkpoints,Quantitavie_Analyse-checkpoint.ipynb,219
C:\Users\jbous\Desktop\Data-Analyst\Work_Ordner\Self_Education\Files\Data_Analyses\Themen\Data_Collection\Web_Scraping,Web_Scraping.ipynb,22438
C:\Users\jbous\Desktop\Data-Analyst\Work_Ordner\Self_Education\Files\Data_Analyses\Themen\Data_Collection\Web_Scraping,web_scraping_beautiful_soup.ipynb,13452
C:\Users\jbous\Desktop\Data-Analyst\Work_Ordner\Self_Education\Files\Data_Analyses\Themen\Data_Collection\Web_Scraping,Web_Scraping_julian.ipynb,8924
C:\Users\jbous\Desktop\Data-Analyst\Work_Ordner\Self_Education\Files\Data_Analyses\Themen\Data_Collection\Web_Scraping,web_scrap_bit_coin.ipynb,2979
C:\Users\jbous\Desktop\Data-Analyst\Work_Ordner\Self_Education\Files\Data_Analyses\Themen\Data_Collection\Web_Scraping\.ipynb_checkpoints,Web_Scraping-checkpoint.ipynb,22438
C:\Users\jbous\Desktop\Data-Analyst\Work_Ordner\Self_Education\Files\Data_Analyses\Themen\Data_Collection\Web_Scraping\.ipynb_checkpoints,web_scraping_beautiful_soup-checkpoint.ipynb,13452
C:\Users\jbous\Desktop\Data-Analyst\Work_Ordner\Self_Education\Files\Data_Analyses\Themen\Data_Collection\Web_Scraping\.ipynb_checkpoints,Web_Scraping_julian-checkpoint.ipynb,8924
C:\Users\jbous\Desktop\Data-Analyst\Work_Ordner\Self_Education\Files\Data_Analyses\Themen\Data_Collection\Web_Scraping\.ipynb_checkpoints,web_scrap_bit_coin-checkpoint.ipynb,2979
C:\Users\jbous\Desktop\Data-Analyst\Work_Ordner\Self_Education\Files\Data_Analyses\Themen\Data_Storage,cloud_storage.ipynb,2681
C:\Users\jbous\Desktop\Data-Analyst\Work_Ordner\Self_Education\Files\Data_Analyses\Themen\Data_Storage,comparing_data_storage.ipynb,6569
C:\Users\jbous\Desktop\Data-Analyst\Work_Ordner\Self_Education\Files\Data_Analyses\Themen\Data_Storage,CSV.ipynb,1732
C:\Users\jbous\Desktop\Data-Analyst\Work_Ordner\Self_Education\Files\Data_Analyses\Themen\Data_Storage,JSON.ipynb,3698
C:\Users\jbous\Desktop\Data-Analyst\Work_Ordner\Self_Education\Files\Data_Analyses\Themen\Data_Storage,PaaS.ipynb,30
C:\Users\jbous\Desktop\Data-Analyst\Work_Ordner\Self_Education\Files\Data_Analyses\Themen\Data_Storage,SaaS.ipynb,30
C:\Users\jbous\Desktop\Data-Analyst\Work_Ordner\Self_Education\Files\Data_Analyses\Themen\Data_Storage,Speicherformate.ipynb,701
C:\Users\jbous\Desktop\Data-Analyst\Work_Ordner\Self_Education\Files\Data_Analyses\Themen\Data_Storage,speichermethoden_und_anwendung.ipynb,5835
C:\Users\jbous\Desktop\Data-Analyst\Work_Ordner\Self_Education\Files\Data_Analyses\Themen\Data_Storage,TXT.ipynb,854
C:\Users\jbous\Desktop\Data-Analyst\Work_Ordner\Self_Education\Files\Data_Analyses\Themen\Data_Storage,XLSX.ipynb,3188
C:\Users\jbous\Desktop\Data-Analyst\Work_Ordner\Self_Education\Files\Data_Analyses\Themen\Data_Storage,_Data_Storage_.ipynb,36
C:\Users\jbous\Desktop\Data-Analyst\Work_Ordner\Self_Education\Files\Data_Analyses\Themen\Data_Storage\.ipynb_checkpoints,cloud_storage-checkpoint.ipynb,2681
C:\Users\jbous\Desktop\Data-Analyst\Work_Ordner\Self_Education\Files\Data_Analyses\Themen\Data_Storage\.ipynb_checkpoints,comparing_data_storage-checkpoint.ipynb,6569
C:\Users\jbous\Desktop\Data-Analyst\Work_Ordner\Self_Education\Files\Data_Analyses\Themen\Data_Storage\.ipynb_checkpoints,CSV-checkpoint.ipynb,1732
C:\Users\jbous\Desktop\Data-Analyst\Work_Ordner\Self_Education\Files\Data_Analyses\Themen\Data_Storage\.ipynb_checkpoints,JSON-checkpoint.ipynb,3698
C:\Users\jbous\Desktop\Data-Analyst\Work_Ordner\Self_Education\Files\Data_Analyses\Themen\Data_Storage\.ipynb_checkpoints,PaaS-checkpoint.ipynb,30
C:\Users\jbous\Desktop\Data-Analyst\Work_Ordner\Self_Education\Files\Data_Analyses\Themen\Data_Storage\.ipynb_checkpoints,Speicherformate-checkpoint.ipynb,701
C:\Users\jbous\Desktop\Data-Analyst\Work_Ordner\Self_Education\Files\Data_Analyses\Themen\Data_Storage\.ipynb_checkpoints,speichermethoden_und_anwendung-checkpoint.ipynb,5835
C:\Users\jbous\Desktop\Data-Analyst\Work_Ordner\Self_Education\Files\Data_Analyses\Themen\Data_Storage\.ipynb_checkpoints,XLSX-checkpoint.ipynb,3188
C:\Users\jbous\Desktop\Data-Analyst\Work_Ordner\Self_Education\Files\Data_Analyses\Themen\Data_Storage\.ipynb_checkpoints,_Data_Storage_-checkpoint.ipynb,36
C:\Users\jbous\Desktop\Data-Analyst\Work_Ordner\Self_Education\Files\Data_Analyses\Themen\Data_Validation,Data_Validation.ipynb,10025
C:\Users\jbous\Desktop\Data-Analyst\Work_Ordner\Self_Education\Files\Data_Analyses\Themen\Data_Validation\.ipynb_checkpoints,Data_Validation-checkpoint.ipynb,10025
C:\Users\jbous\Desktop\Data-Analyst\Work_Ordner\Self_Education\Files\Data_Analyses\Themen\Maschine_Learning,Cross_Validation.ipynb,74
C:\Users\jbous\Desktop\Data-Analyst\Work_Ordner\Self_Education\Files\Data_Analyses\Themen\Maschine_Learning,Erste_Schritte.ipynb,949
C:\Users\jbous\Desktop\Data-Analyst\Work_Ordner\Self_Education\Files\Data_Analyses\Themen\Maschine_Learning,fitting.ipynb,3200
C:\Users\jbous\Desktop\Data-Analyst\Work_Ordner\Self_Education\Files\Data_Analyses\Themen\Maschine_Learning,Größe_des_Datensatzes.ipynb,3714
C:\Users\jbous\Desktop\Data-Analyst\Work_Ordner\Self_Education\Files\Data_Analyses\Themen\Maschine_Learning,KNN(en).ipynb,2348
C:\Users\jbous\Desktop\Data-Analyst\Work_Ordner\Self_Education\Files\Data_Analyses\Themen\Maschine_Learning,KNN.ipynb,2348
C:\Users\jbous\Desktop\Data-Analyst\Work_Ordner\Self_Education\Files\Data_Analyses\Themen\Maschine_Learning,Korrelation_vs._Kausalität.ipynb,31
C:\Users\jbous\Desktop\Data-Analyst\Work_Ordner\Self_Education\Files\Data_Analyses\Themen\Maschine_Learning,Polynome.ipynb,3060
C:\Users\jbous\Desktop\Data-Analyst\Work_Ordner\Self_Education\Files\Data_Analyses\Themen\Maschine_Learning,splitting.ipynb,2623
C:\Users\jbous\Desktop\Data-Analyst\Work_Ordner\Self_Education\Files\Data_Analyses\Themen\Maschine_Learning,Support_Vector_Machine.ipynb,464
C:\Users\jbous\Desktop\Data-Analyst\Work_Ordner\Self_Education\Files\Data_Analyses\Themen\Maschine_Learning,SU_Learning.ipynb,159
C:\Users\jbous\Desktop\Data-Analyst\Work_Ordner\Self_Education\Files\Data_Analyses\Themen\Maschine_Learning,Unterschiedliche_Modelle.ipynb,1889
C:\Users\jbous\Desktop\Data-Analyst\Work_Ordner\Self_Education\Files\Data_Analyses\Themen\Maschine_Learning,Verwirrungsmatrix.ipynb,19
C:\Users\jbous\Desktop\Data-Analyst\Work_Ordner\Self_Education\Files\Data_Analyses\Themen\Maschine_Learning,_Maschine_Learning_.ipynb,1163
C:\Users\jbous\Desktop\Data-Analyst\Work_Ordner\Self_Education\Files\Data_Analyses\Themen\Maschine_Learning\.ipynb_checkpoints,Cross_Validation-checkpoint.ipynb,74
C:\Users\jbous\Desktop\Data-Analyst\Work_Ordner\Self_Education\Files\Data_Analyses\Themen\Maschine_Learning\.ipynb_checkpoints,fitting-checkpoint.ipynb,3200
C:\Users\jbous\Desktop\Data-Analyst\Work_Ordner\Self_Education\Files\Data_Analyses\Themen\Maschine_Learning\.ipynb_checkpoints,KNN(en)-checkpoint.ipynb,2348
C:\Users\jbous\Desktop\Data-Analyst\Work_Ordner\Self_Education\Files\Data_Analyses\Themen\Maschine_Learning\.ipynb_checkpoints,KNN-checkpoint.ipynb,2348
C:\Users\jbous\Desktop\Data-Analyst\Work_Ordner\Self_Education\Files\Data_Analyses\Themen\Maschine_Learning\.ipynb_checkpoints,splitting-checkpoint.ipynb,2613
C:\Users\jbous\Desktop\Data-Analyst\Work_Ordner\Self_Education\Files\Data_Analyses\Themen\Maschine_Learning\.ipynb_checkpoints,Unterschiedliche_Modelle-checkpoint.ipynb,1889
C:\Users\jbous\Desktop\Data-Analyst\Work_Ordner\Self_Education\Files\Data_Analyses\Themen\Maschine_Learning\.ipynb_checkpoints,_Maschine_Learning_-checkpoint.ipynb,763
C:\Users\jbous\Desktop\Data-Analyst\Work_Ordner\Self_Education\Files\Data_Analyses\Themen\Maschine_Learning\Modelle\Allgemeine_Methoden,Fehler_1_Art.ipynb,3382
C:\Users\jbous\Desktop\Data-Analyst\Work_Ordner\Self_Education\Files\Data_Analyses\Themen\Maschine_Learning\Modelle\Allgemeine_Methoden,Fehler_2_Art.ipynb,2049
C:\Users\jbous\Desktop\Data-Analyst\Work_Ordner\Self_Education\Files\Data_Analyses\Themen\Maschine_Learning\Modelle\Allgemeine_Methoden,Hypothesentest.ipynb,2603
C:\Users\jbous\Desktop\Data-Analyst\Work_Ordner\Self_Education\Files\Data_Analyses\Themen\Maschine_Learning\Modelle\Allgemeine_Methoden,tzp.ipynb,7312
C:\Users\jbous\Desktop\Data-Analyst\Work_Ordner\Self_Education\Files\Data_Analyses\Themen\Maschine_Learning\Modelle\Decisiontree,Decisiontree.ipynb,78
C:\Users\jbous\Desktop\Data-Analyst\Work_Ordner\Self_Education\Files\Data_Analyses\Themen\Maschine_Learning\Modelle\Decisiontree,Random_Forest.ipynb,15
C:\Users\jbous\Desktop\Data-Analyst\Work_Ordner\Self_Education\Files\Data_Analyses\Themen\Maschine_Learning\Modelle\Decisiontree\.ipynb_checkpoints,Random_Forest-checkpoint.ipynb,15
C:\Users\jbous\Desktop\Data-Analyst\Work_Ordner\Self_Education\Files\Data_Analyses\Themen\Maschine_Learning\Modelle\Lineare_Regression,Lineare_Regression.ipynb,3427
C:\Users\jbous\Desktop\Data-Analyst\Work_Ordner\Self_Education\Files\Data_Analyses\Themen\Maschine_Learning\Modelle\Lineare_Regression,Ridge_Regression.ipynb,2309
C:\Users\jbous\Desktop\Data-Analyst\Work_Ordner\Self_Education\Files\Data_Analyses\Themen\Maschine_Learning\Modelle\Logististische_Regression,Logistische_Regression.ipynb,24
C:\Users\jbous\Desktop\Data-Analyst\Work_Ordner\Self_Education\Files\Data_Analyses\Themen\Maschine_Learning\Modelle\Unsupervised,Cluster.ipynb,1718
C:\Users\jbous\Desktop\Data-Analyst\Work_Ordner\Self_Education\Files\Data_Analyses\Themen\Preprocessing,Boolean_Normalizationa.ipynb,912
C:\Users\jbous\Desktop\Data-Analyst\Work_Ordner\Self_Education\Files\Data_Analyses\Themen\Preprocessing,Boolean_N_vs._One_Hot_Enconding.ipynb,2456
C:\Users\jbous\Desktop\Data-Analyst\Work_Ordner\Self_Education\Files\Data_Analyses\Themen\Preprocessing,Bucketization.ipynb,1563
C:\Users\jbous\Desktop\Data-Analyst\Work_Ordner\Self_Education\Files\Data_Analyses\Themen\Preprocessing,ex_Imputation.ipynb,3258
C:\Users\jbous\Desktop\Data-Analyst\Work_Ordner\Self_Education\Files\Data_Analyses\Themen\Preprocessing,Formating.ipynb,2067
C:\Users\jbous\Desktop\Data-Analyst\Work_Ordner\Self_Education\Files\Data_Analyses\Themen\Preprocessing,Imputation.ipynb,1765
C:\Users\jbous\Desktop\Data-Analyst\Work_Ordner\Self_Education\Files\Data_Analyses\Themen\Preprocessing,Imput_Reg.ipynb,4494
C:\Users\jbous\Desktop\Data-Analyst\Work_Ordner\Self_Education\Files\Data_Analyses\Themen\Preprocessing,Missing_Values.ipynb,2505
C:\Users\jbous\Desktop\Data-Analyst\Work_Ordner\Self_Education\Files\Data_Analyses\Themen\Preprocessing,Normalization.ipynb,843
C:\Users\jbous\Desktop\Data-Analyst\Work_Ordner\Self_Education\Files\Data_Analyses\Themen\Preprocessing,Normalization_vs._Scaling.ipynb,2455
C:\Users\jbous\Desktop\Data-Analyst\Work_Ordner\Self_Education\Files\Data_Analyses\Themen\Preprocessing,One_Hot_Encoding.ipynb,4526
C:\Users\jbous\Desktop\Data-Analyst\Work_Ordner\Self_Education\Files\Data_Analyses\Themen\Preprocessing,PCA.ipynb,6559
C:\Users\jbous\Desktop\Data-Analyst\Work_Ordner\Self_Education\Files\Data_Analyses\Themen\Preprocessing,Pipeline.ipynb,317
C:\Users\jbous\Desktop\Data-Analyst\Work_Ordner\Self_Education\Files\Data_Analyses\Themen\Preprocessing,Scaling.ipynb,677
C:\Users\jbous\Desktop\Data-Analyst\Work_Ordner\Self_Education\Files\Data_Analyses\Themen\Preprocessing,Standardization.ipynb,3462
C:\Users\jbous\Desktop\Data-Analyst\Work_Ordner\Self_Education\Files\Data_Analyses\Themen\Preprocessing,Standardization_vs._PCA.ipynb,3977
C:\Users\jbous\Desktop\Data-Analyst\Work_Ordner\Self_Education\Files\Data_Analyses\Themen\Preprocessing,Wide_vs._Long.ipynb,1057
C:\Users\jbous\Desktop\Data-Analyst\Work_Ordner\Self_Education\Files\Data_Analyses\Themen\Preprocessing,_Preprocessing_.ipynb,413
C:\Users\jbous\Desktop\Data-Analyst\Work_Ordner\Self_Education\Files\Data_Analyses\Themen\Preprocessing\.ipynb_checkpoints,Formating-checkpoint.ipynb,2067
C:\Users\jbous\Desktop\Data-Analyst\Work_Ordner\Self_Education\Files\Data_Analyses\Themen\Preprocessing\.ipynb_checkpoints,Missing_Values-checkpoint.ipynb,2505
C:\Users\jbous\Desktop\Data-Analyst\Work_Ordner\Self_Education\Files\Data_Analyses\Themen\Preprocessing\.ipynb_checkpoints,Pipeline-checkpoint.ipynb,194
C:\Users\jbous\Desktop\Data-Analyst\Work_Ordner\Self_Education\Files\Data_Analyses\Themen\Preprocessing\.ipynb_checkpoints,Standardization-checkpoint.ipynb,3462
C:\Users\jbous\Desktop\Data-Analyst\Work_Ordner\Self_Education\Files\Data_Analyses\Themen\Preprocessing\.ipynb_checkpoints,Wide_vs._Long-checkpoint.ipynb,1057
C:\Users\jbous\Desktop\Data-Analyst\Work_Ordner\Self_Education\Files\Data_Analyses\Themen\Preprocessing\.ipynb_checkpoints,_Preprocessing_-checkpoint.ipynb,413
C:\Users\jbous\Desktop\Data-Analyst\Work_Ordner\Self_Education\Files\Data_Analyses\Themen\Statistik,Anwendung_Regressionsmodelle_in_Python.ipynb,8403
C:\Users\jbous\Desktop\Data-Analyst\Work_Ordner\Self_Education\Files\Data_Analyses\Themen\Statistik,Bayesian_Statistik.ipynb,25
C:\Users\jbous\Desktop\Data-Analyst\Work_Ordner\Self_Education\Files\Data_Analyses\Themen\Statistik,bootstrapping.ipynb,264
C:\Users\jbous\Desktop\Data-Analyst\Work_Ordner\Self_Education\Files\Data_Analyses\Themen\Statistik,confidence_measures.ipynb,30692
C:\Users\jbous\Desktop\Data-Analyst\Work_Ordner\Self_Education\Files\Data_Analyses\Themen\Statistik,Deskriptive_Statistik.ipynb,4833
C:\Users\jbous\Desktop\Data-Analyst\Work_Ordner\Self_Education\Files\Data_Analyses\Themen\Statistik,Diskrete_und_kontinuierliche_Datentypen.ipynb,4936
C:\Users\jbous\Desktop\Data-Analyst\Work_Ordner\Self_Education\Files\Data_Analyses\Themen\Statistik,Diskrete_und_stetige_Daten.ipynb,3935
C:\Users\jbous\Desktop\Data-Analyst\Work_Ordner\Self_Education\Files\Data_Analyses\Themen\Statistik,Einstieg_in_die_Statistik.ipynb,950
C:\Users\jbous\Desktop\Data-Analyst\Work_Ordner\Self_Education\Files\Data_Analyses\Themen\Statistik,evtl_Verzerrungen_Regressionsmodelle.ipynb,4217
C:\Users\jbous\Desktop\Data-Analyst\Work_Ordner\Self_Education\Files\Data_Analyses\Themen\Statistik,Explorative_Statistik.ipynb,23
C:\Users\jbous\Desktop\Data-Analyst\Work_Ordner\Self_Education\Files\Data_Analyses\Themen\Statistik,ex_Hypothesentest_Geiser_Uebungen.ipynb,7448
C:\Users\jbous\Desktop\Data-Analyst\Work_Ordner\Self_Education\Files\Data_Analyses\Themen\Statistik,fundamental_statistical_distributions.ipynb,28779
C:\Users\jbous\Desktop\Data-Analyst\Work_Ordner\Self_Education\Files\Data_Analyses\Themen\Statistik,Grundlagen_und_Statistische_Prinzipien_des_Bootstrappings.ipynb,7706
C:\Users\jbous\Desktop\Data-Analyst\Work_Ordner\Self_Education\Files\Data_Analyses\Themen\Statistik,Induktive_Statistik.ipynb,35
C:\Users\jbous\Desktop\Data-Analyst\Work_Ordner\Self_Education\Files\Data_Analyses\Themen\Statistik,Interpretation_Regressionsanalyse.ipynb,3272
C:\Users\jbous\Desktop\Data-Analyst\Work_Ordner\Self_Education\Files\Data_Analyses\Themen\Statistik,Lineare_Regression.ipynb,15416
C:\Users\jbous\Desktop\Data-Analyst\Work_Ordner\Self_Education\Files\Data_Analyses\Themen\Statistik,Logistische_Regression.ipynb,7884
C:\Users\jbous\Desktop\Data-Analyst\Work_Ordner\Self_Education\Files\Data_Analyses\Themen\Statistik,measures_of_central_tendency_and_spread.ipynb,3208
C:\Users\jbous\Desktop\Data-Analyst\Work_Ordner\Self_Education\Files\Data_Analyses\Themen\Statistik,outliers_and_correlation.ipynb,8558
C:\Users\jbous\Desktop\Data-Analyst\Work_Ordner\Self_Education\Files\Data_Analyses\Themen\Statistik,plot_assessment.ipynb,3098
C:\Users\jbous\Desktop\Data-Analyst\Work_Ordner\Self_Education\Files\Data_Analyses\Themen\Statistik,Wahl_zw_Lineare_und_Logistische_Regression.ipynb,4516
C:\Users\jbous\Desktop\Data-Analyst\Work_Ordner\Self_Education\Files\Data_Analyses\Themen\Statistik,_Statistik_.ipynb,90
C:\Users\jbous\Desktop\Data-Analyst\Work_Ordner\Self_Education\Files\Data_Analyses\Themen\Statistik\.ipynb_checkpoints,Anwendung_Regressionsmodelle_in_Python-checkpoint.ipynb,8403
C:\Users\jbous\Desktop\Data-Analyst\Work_Ordner\Self_Education\Files\Data_Analyses\Themen\Statistik\.ipynb_checkpoints,bootstrapping-checkpoint.ipynb,264
C:\Users\jbous\Desktop\Data-Analyst\Work_Ordner\Self_Education\Files\Data_Analyses\Themen\Statistik\.ipynb_checkpoints,confidence_measures-checkpoint.ipynb,30692
C:\Users\jbous\Desktop\Data-Analyst\Work_Ordner\Self_Education\Files\Data_Analyses\Themen\Statistik\.ipynb_checkpoints,Diskrete_und_kontinuierliche_Datentypen-checkpoint.ipynb,4936
C:\Users\jbous\Desktop\Data-Analyst\Work_Ordner\Self_Education\Files\Data_Analyses\Themen\Statistik\.ipynb_checkpoints,Diskrete_und_stetige_Daten-checkpoint.ipynb,3935
C:\Users\jbous\Desktop\Data-Analyst\Work_Ordner\Self_Education\Files\Data_Analyses\Themen\Statistik\.ipynb_checkpoints,evtl_Verzerrungen_Regressionsmodelle-checkpoint.ipynb,4217
C:\Users\jbous\Desktop\Data-Analyst\Work_Ordner\Self_Education\Files\Data_Analyses\Themen\Statistik\.ipynb_checkpoints,ex_Hypothesentest_Geiser_Uebungen-checkpoint.ipynb,7448
C:\Users\jbous\Desktop\Data-Analyst\Work_Ordner\Self_Education\Files\Data_Analyses\Themen\Statistik\.ipynb_checkpoints,fundamental_statistical_distributions-checkpoint.ipynb,28779
C:\Users\jbous\Desktop\Data-Analyst\Work_Ordner\Self_Education\Files\Data_Analyses\Themen\Statistik\.ipynb_checkpoints,Grundlagen_und_Statistische_Prinzipien_des_Bootstrappings-checkpoint.ipynb,7706
C:\Users\jbous\Desktop\Data-Analyst\Work_Ordner\Self_Education\Files\Data_Analyses\Themen\Statistik\.ipynb_checkpoints,Interpretation_Regressionsanalyse-checkpoint.ipynb,3272
C:\Users\jbous\Desktop\Data-Analyst\Work_Ordner\Self_Education\Files\Data_Analyses\Themen\Statistik\.ipynb_checkpoints,Lineare_Regression-checkpoint.ipynb,15416
C:\Users\jbous\Desktop\Data-Analyst\Work_Ordner\Self_Education\Files\Data_Analyses\Themen\Statistik\.ipynb_checkpoints,Logistische_Regression-checkpoint.ipynb,7884
C:\Users\jbous\Desktop\Data-Analyst\Work_Ordner\Self_Education\Files\Data_Analyses\Themen\Statistik\.ipynb_checkpoints,measures_of_central_tendency_and_spread-checkpoint.ipynb,3208
C:\Users\jbous\Desktop\Data-Analyst\Work_Ordner\Self_Education\Files\Data_Analyses\Themen\Statistik\.ipynb_checkpoints,outliers_and_correlation-checkpoint.ipynb,8558
C:\Users\jbous\Desktop\Data-Analyst\Work_Ordner\Self_Education\Files\Data_Analyses\Themen\Statistik\.ipynb_checkpoints,plot_assessment-checkpoint.ipynb,3098
C:\Users\jbous\Desktop\Data-Analyst\Work_Ordner\Self_Education\Files\Data_Analyses\Themen\Statistik\.ipynb_checkpoints,Wahl_zw_Lineare_und_Logistische_Regression-checkpoint.ipynb,4516
C:\Users\jbous\Desktop\Data-Analyst\Work_Ordner\Self_Education\Files\Data_Analyses\Themen\Statistik\.ipynb_checkpoints,_Statistik_-checkpoint.ipynb,90
C:\Users\jbous\Desktop\Data-Analyst\Work_Ordner\Self_Education\Files\Data_Analyses\Themen\Visualisierung\Grafik,Annotations_Seaborn.ipynb,1046
C:\Users\jbous\Desktop\Data-Analyst\Work_Ordner\Self_Education\Files\Data_Analyses\Themen\Visualisierung\Grafik,Piechart.ipynb,1611
C:\Users\jbous\Desktop\Data-Analyst\Work_Ordner\Self_Education\Files\Data_Analyses\Themen\Visualisierung\Grafik,plots.ipynb,3514
C:\Users\jbous\Desktop\Data-Analyst\Work_Ordner\Self_Education\Files\Data_Analyses\Themen\Visualisierung\Grafik,Scatterplot.ipynb,1769
C:\Users\jbous\Desktop\Data-Analyst\Work_Ordner\Self_Education\Files\Data_Analyses\Themen\Visualisierung\Grafik,Seaborn_Methods.ipynb,2698
C:\Users\jbous\Desktop\Data-Analyst\Work_Ordner\Self_Education\Files\Data_Analyses\Themen\Visualisierung\Grafik,Seaborn_vs._Matplotlib.ipynb,110
C:\Users\jbous\Desktop\Data-Analyst\Work_Ordner\Self_Education\Files\Data_Analyses\Themen\Visualisierung\Grafik,Untitled.ipynb,0
C:\Users\jbous\Desktop\Data-Analyst\Work_Ordner\Self_Education\Files\Data_Analyses\Themen\Visualisierung\Grafik,_Matplotlib_Basics_.ipynb,3653
C:\Users\jbous\Desktop\Data-Analyst\Work_Ordner\Self_Education\Files\Data_Analyses\Themen\Visualisierung\Grafik,_Seaborn_Basics_.ipynb,3132
C:\Users\jbous\Desktop\Data-Analyst\Work_Ordner\Self_Education\Files\Data_Analyses\Themen\Visualisierung\Grafik\.ipynb_checkpoints,plots-checkpoint.ipynb,3514
C:\Users\jbous\Desktop\Data-Analyst\Work_Ordner\Self_Education\Files\Data_Analyses\Themen\Visualisierung\Storytelling,Storytelling.ipynb,83
C:\Users\jbous\Desktop\Data-Analyst\Work_Ordner\Self_Education\Files\Data_Analyses\Themen\Zusammenfassungen\Objective_4.1.1,Datenaufbereitung_mit_Pandas.ipynb,7782
C:\Users\jbous\Desktop\Data-Analyst\Work_Ordner\Self_Education\Files\Data_Analyses\Themen\Zusammenfassungen\Objective_4.1.1,fortgeschrittene_Datenmanipulationstechniken.ipynb,6669
C:\Users\jbous\Desktop\Data-Analyst\Work_Ordner\Self_Education\Files\Data_Analyses\Themen\Zusammenfassungen\Objective_4.1.1\.ipynb_checkpoints,Datenaufbereitung_mit_Pandas-checkpoint.ipynb,7782
C:\Users\jbous\Desktop\Data-Analyst\Work_Ordner\Self_Education\Files\Data_Analyses\Themen\Zusammenfassungen\Objective_4.1.1\.ipynb_checkpoints,fortgeschrittene_Datenmanipulationstechniken-checkpoint.ipynb,6669
C:\Users\jbous\Desktop\Data-Analyst\Work_Ordner\Self_Education\Files\Data_Analyses\Themen\Zusammenfassungen\Objective_4.1.2,beziehung_dataframe_series.ipynb,2529
C:\Users\jbous\Desktop\Data-Analyst\Work_Ordner\Self_Education\Files\Data_Analyses\Themen\Zusammenfassungen\Objective_4.1.2,iloc_loc.ipynb,1878
C:\Users\jbous\Desktop\Data-Analyst\Work_Ordner\Self_Education\Files\Data_Analyses\Themen\Zusammenfassungen\Objective_4.1.2,Indexierung_vekorisierte_Funktionen.ipynb,5735
C:\Users\jbous\Desktop\Data-Analyst\Work_Ordner\Self_Education\Files\Data_Analyses\Themen\Zusammenfassungen\Objective_4.1.2,Uebungen_Geiser.ipynb,1108
C:\Users\jbous\Desktop\Data-Analyst\Work_Ordner\Self_Education\Files\Data_Analyses\Themen\Zusammenfassungen\Objective_4.1.2\.ipynb_checkpoints,beziehung_dataframe_series-checkpoint.ipynb,2529
C:\Users\jbous\Desktop\Data-Analyst\Work_Ordner\Self_Education\Files\Data_Analyses\Themen\Zusammenfassungen\Objective_4.1.2\.ipynb_checkpoints,iloc_loc-checkpoint.ipynb,1878
C:\Users\jbous\Desktop\Data-Analyst\Work_Ordner\Self_Education\Files\Data_Analyses\Themen\Zusammenfassungen\Objective_4.1.2\.ipynb_checkpoints,Indexierung_vekorisierte_Funktionen-checkpoint.ipynb,5735
C:\Users\jbous\Desktop\Data-Analyst\Work_Ordner\Self_Education\Files\Data_Analyses\Themen\Zusammenfassungen\Objective_4.1.3,Array_operations.ipynb,3988
C:\Users\jbous\Desktop\Data-Analyst\Work_Ordner\Self_Education\Files\Data_Analyses\Themen\Zusammenfassungen\Objective_4.1.3,Datenstrukturen_Unterschiede_Anwendungsfaelle.ipynb,4623
C:\Users\jbous\Desktop\Data-Analyst\Work_Ordner\Self_Education\Files\Data_Analyses\Themen\Zusammenfassungen\Objective_4.1.3,Effizienz_und_Eignung_verschiedener_Datentypen.ipynb,5881
C:\Users\jbous\Desktop\Data-Analyst\Work_Ordner\Self_Education\Files\Data_Analyses\Themen\Zusammenfassungen\Objective_4.1.3,uebungen.ipynb,5168
C:\Users\jbous\Desktop\Data-Analyst\Work_Ordner\Self_Education\Files\Data_Analyses\Themen\Zusammenfassungen\Objective_4.1.3\.ipynb_checkpoints,Array_operations-checkpoint.ipynb,3988
C:\Users\jbous\Desktop\Data-Analyst\Work_Ordner\Self_Education\Files\Data_Analyses\Themen\Zusammenfassungen\Objective_4.1.3\.ipynb_checkpoints,Datenstrukturen_Unterschiede_Anwendungsfaelle-checkpoint.ipynb,4623
C:\Users\jbous\Desktop\Data-Analyst\Work_Ordner\Self_Education\Files\Data_Analyses\Themen\Zusammenfassungen\Objective_4.1.3\.ipynb_checkpoints,Effizienz_und_Eignung_verschiedener_Datentypen-checkpoint.ipynb,5881
C:\Users\jbous\Desktop\Data-Analyst\Work_Ordner\Self_Education\Files\Data_Analyses\Themen\Zusammenfassungen\Objective_4.1.3\.ipynb_checkpoints,uebungen-checkpoint.ipynb,5168
C:\Users\jbous\Desktop\Data-Analyst\Work_Ordner\Self_Education\Files\Data_Analyses\Themen\Zusammenfassungen\Objective_4.1.4,deskriptives_statistik_pandas.ipynb,6048
C:\Users\jbous\Desktop\Data-Analyst\Work_Ordner\Self_Education\Files\Data_Analyses\Themen\Zusammenfassungen\Objective_4.1.4,ex_aufgabe_gewinn_mitarbeiter_maschinen.ipynb,1908
C:\Users\jbous\Desktop\Data-Analyst\Work_Ordner\Self_Education\Files\Data_Analyses\Themen\Zusammenfassungen\Objective_4.1.4,ex_reflexionsfragen.ipynb,260
C:\Users\jbous\Desktop\Data-Analyst\Work_Ordner\Self_Education\Files\Data_Analyses\Themen\Zusammenfassungen\Objective_4.1.4,groupby_pivot_crosstable.ipynb,4102
C:\Users\jbous\Desktop\Data-Analyst\Work_Ordner\Self_Education\Files\Data_Analyses\Themen\Zusammenfassungen\Objective_4.1.4,umformen_unterteilen_sortieren_pandas.ipynb,3508
C:\Users\jbous\Desktop\Data-Analyst\Work_Ordner\Self_Education\Files\Data_Analyses\Themen\Zusammenfassungen\Objective_4.1.4\.ipynb_checkpoints,deskriptives_statistik_pandas-checkpoint.ipynb,6048
C:\Users\jbous\Desktop\Data-Analyst\Work_Ordner\Self_Education\Files\Data_Analyses\Themen\Zusammenfassungen\Objective_4.1.4\.ipynb_checkpoints,ex_aufgabe_gewinn_mitarbeiter_maschinen-checkpoint.ipynb,1908
C:\Users\jbous\Desktop\Data-Analyst\Work_Ordner\Self_Education\Files\Data_Analyses\Themen\Zusammenfassungen\Objective_4.1.4\.ipynb_checkpoints,ex_reflexionsfragen-checkpoint.ipynb,260
C:\Users\jbous\Desktop\Data-Analyst\Work_Ordner\Self_Education\Files\Data_Analyses\Themen\Zusammenfassungen\Objective_4.1.4\.ipynb_checkpoints,groupby_pivot_crosstable-checkpoint.ipynb,4102
C:\Users\jbous\Desktop\Data-Analyst\Work_Ordner\Self_Education\Files\Data_Analyses\Themen\Zusammenfassungen\Objective_4.1.4\.ipynb_checkpoints,umformen_unterteilen_sortieren_pandas-checkpoint.ipynb,3508
C:\Users\jbous\Desktop\Data-Analyst\Work_Ordner\Self_Education\Files\Data_Analyses\Themen\Zusammenfassungen\Objective_4.2.1,python_libraries.ipynb,5511
C:\Users\jbous\Desktop\Data-Analyst\Work_Ordner\Self_Education\Files\Data_Analyses\Themen\Zusammenfassungen\Objective_4.2.1,statistische_kennzahlen_python.ipynb,4442
C:\Users\jbous\Desktop\Data-Analyst\Work_Ordner\Self_Education\Files\Data_Analyses\Themen\Zusammenfassungen\Objective_4.2.1\.ipynb_checkpoints,python_libraries-checkpoint.ipynb,5511
C:\Users\jbous\Desktop\Data-Analyst\Work_Ordner\Self_Education\Files\Data_Analyses\Themen\Zusammenfassungen\Objective_4.2.1\.ipynb_checkpoints,statistische_kennzahlen_python-checkpoint.ipynb,4442
C:\Users\jbous\Desktop\Data-Analyst\Work_Ordner\Self_Education\Files\Data_Analyses\Themen\Zusammenfassungen\Objective_4.2.2,auswahl_geeigneter_testdatensaetze.ipynb,6426
C:\Users\jbous\Desktop\Data-Analyst\Work_Ordner\Self_Education\Files\Data_Analyses\Themen\Zusammenfassungen\Objective_4.2.2,Reflexionsfragen.ipynb,2493
C:\Users\jbous\Desktop\Data-Analyst\Work_Ordner\Self_Education\Files\Data_Analyses\Themen\Zusammenfassungen\Objective_4.2.2,test_datasets.ipynb,11361
C:\Users\jbous\Desktop\Data-Analyst\Work_Ordner\Self_Education\Files\Data_Analyses\Themen\Zusammenfassungen\Objective_4.2.2\.ipynb_checkpoints,Reflexionsfragen-checkpoint.ipynb,2493
C:\Users\jbous\Desktop\Data-Analyst\Work_Ordner\Self_Education\Files\Data_Analyses\Themen\Zusammenfassungen\Objective_4.2.2\.ipynb_checkpoints,test_datasets-checkpoint.ipynb,11361
C:\Users\jbous\Desktop\Data-Analyst\Work_Ordner\Self_Education\Files\Data_Analyses\Zentral_Ordner\Bilder,Quellverzeichnis_Bilder.ipynb,508
C:\Users\jbous\Desktop\Data-Analyst\Work_Ordner\Self_Education\Files\Data_Analyses\Zentral_Ordner\Datensätze,Datensatz_Quellverzeichnis.ipynb,218
C:\Users\jbous\Desktop\Data-Analyst\Work_Ordner\Self_Education\Files\Data_Analyses\Zentral_Ordner\End_to_End_Projektbeispiele,eda_model_depression.ipynb,38026
C:\Users\jbous\Desktop\Data-Analyst\Work_Ordner\Self_Education\Files\Data_Analyses\Zentral_Ordner\End_to_End_Projektbeispiele,House_Price.ipynb,4414
C:\Users\jbous\Desktop\Data-Analyst\Work_Ordner\Self_Education\Files\Data_Analyses\Zentral_Ordner\End_to_End_Projektbeispiele,Tensorflow_BitCoin.ipynb,14306
C:\Users\jbous\Desktop\Data-Analyst\Work_Ordner\Self_Education\Files\Data_Analyses\Zentral_Ordner\End_to_End_Projektbeispiele,US_Superstore.ipynb,2932
C:\Users\jbous\Desktop\Data-Analyst\Work_Ordner\Self_Education\Files\Data_Analyses\Zentral_Ordner\End_to_End_Projektbeispiele,_Projektbeispiele_.ipynb,276
C:\Users\jbous\Desktop\Data-Analyst\Work_Ordner\Self_Education\Files\Data_Analyses\Zentral_Ordner\End_to_End_Projektbeispiele\.ipynb_checkpoints,House_Price-checkpoint.ipynb,4414
C:\Users\jbous\Desktop\Data-Analyst\Work_Ordner\Self_Education\Files\Data_Analyses\Zentral_Ordner\Fachwörter,Ausreißer.ipynb,44
C:\Users\jbous\Desktop\Data-Analyst\Work_Ordner\Self_Education\Files\Data_Analyses\Zentral_Ordner\Fachwörter,Backpropagation.ipynb,1094
C:\Users\jbous\Desktop\Data-Analyst\Work_Ordner\Self_Education\Files\Data_Analyses\Zentral_Ordner\Fachwörter,Batch_Normalization.ipynb,775
C:\Users\jbous\Desktop\Data-Analyst\Work_Ordner\Self_Education\Files\Data_Analyses\Zentral_Ordner\Fachwörter,Bootstrapping.ipynb,433
C:\Users\jbous\Desktop\Data-Analyst\Work_Ordner\Self_Education\Files\Data_Analyses\Zentral_Ordner\Fachwörter,Clustering.ipynb,22
C:\Users\jbous\Desktop\Data-Analyst\Work_Ordner\Self_Education\Files\Data_Analyses\Zentral_Ordner\Fachwörter,DFN.ipynb,987
C:\Users\jbous\Desktop\Data-Analyst\Work_Ordner\Self_Education\Files\Data_Analyses\Zentral_Ordner\Fachwörter,EDA.ipynb,1240
C:\Users\jbous\Desktop\Data-Analyst\Work_Ordner\Self_Education\Files\Data_Analyses\Zentral_Ordner\Fachwörter,Fold.ipynb,4320
C:\Users\jbous\Desktop\Data-Analyst\Work_Ordner\Self_Education\Files\Data_Analyses\Zentral_Ordner\Fachwörter,GP.ipynb,1115
C:\Users\jbous\Desktop\Data-Analyst\Work_Ordner\Self_Education\Files\Data_Analyses\Zentral_Ordner\Fachwörter,Grouping.ipynb,76
C:\Users\jbous\Desktop\Data-Analyst\Work_Ordner\Self_Education\Files\Data_Analyses\Zentral_Ordner\Fachwörter,Konfidenzintervall.ipynb,21
C:\Users\jbous\Desktop\Data-Analyst\Work_Ordner\Self_Education\Files\Data_Analyses\Zentral_Ordner\Fachwörter,KPIs.ipynb,941
C:\Users\jbous\Desktop\Data-Analyst\Work_Ordner\Self_Education\Files\Data_Analyses\Zentral_Ordner\Fachwörter,Kreuztabelle.ipynb,82
C:\Users\jbous\Desktop\Data-Analyst\Work_Ordner\Self_Education\Files\Data_Analyses\Zentral_Ordner\Fachwörter,Lagemaß.ipynb,2156
C:\Users\jbous\Desktop\Data-Analyst\Work_Ordner\Self_Education\Files\Data_Analyses\Zentral_Ordner\Fachwörter,LOCF_NOCB.ipynb,589
C:\Users\jbous\Desktop\Data-Analyst\Work_Ordner\Self_Education\Files\Data_Analyses\Zentral_Ordner\Fachwörter,LSTM.ipynb,1135
C:\Users\jbous\Desktop\Data-Analyst\Work_Ordner\Self_Education\Files\Data_Analyses\Zentral_Ordner\Fachwörter,MAR.ipynb,1052
C:\Users\jbous\Desktop\Data-Analyst\Work_Ordner\Self_Education\Files\Data_Analyses\Zentral_Ordner\Fachwörter,Matrizen_or_Tensor.ipynb,0
C:\Users\jbous\Desktop\Data-Analyst\Work_Ordner\Self_Education\Files\Data_Analyses\Zentral_Ordner\Fachwörter,MCAR.ipynb,1052
C:\Users\jbous\Desktop\Data-Analyst\Work_Ordner\Self_Education\Files\Data_Analyses\Zentral_Ordner\Fachwörter,MICE.ipynb,954
C:\Users\jbous\Desktop\Data-Analyst\Work_Ordner\Self_Education\Files\Data_Analyses\Zentral_Ordner\Fachwörter,MNAR.ipynb,873
C:\Users\jbous\Desktop\Data-Analyst\Work_Ordner\Self_Education\Files\Data_Analyses\Zentral_Ordner\Fachwörter,Multikollinearität.ipynb,73
C:\Users\jbous\Desktop\Data-Analyst\Work_Ordner\Self_Education\Files\Data_Analyses\Zentral_Ordner\Fachwörter,Ordinarität.ipynb,26
C:\Users\jbous\Desktop\Data-Analyst\Work_Ordner\Self_Education\Files\Data_Analyses\Zentral_Ordner\Fachwörter,Overflow_Underflow.ipynb,1811
C:\Users\jbous\Desktop\Data-Analyst\Work_Ordner\Self_Education\Files\Data_Analyses\Zentral_Ordner\Fachwörter,Pivottabelle.ipynb,1150
C:\Users\jbous\Desktop\Data-Analyst\Work_Ordner\Self_Education\Files\Data_Analyses\Zentral_Ordner\Fachwörter,Population.ipynb,556
C:\Users\jbous\Desktop\Data-Analyst\Work_Ordner\Self_Education\Files\Data_Analyses\Zentral_Ordner\Fachwörter,Regression_Model.ipynb,18
C:\Users\jbous\Desktop\Data-Analyst\Work_Ordner\Self_Education\Files\Data_Analyses\Zentral_Ordner\Fachwörter,ResNet.ipynb,836
C:\Users\jbous\Desktop\Data-Analyst\Work_Ordner\Self_Education\Files\Data_Analyses\Zentral_Ordner\Fachwörter,RNN.ipynb,2011
C:\Users\jbous\Desktop\Data-Analyst\Work_Ordner\Self_Education\Files\Data_Analyses\Zentral_Ordner\Fachwörter,Sentiment_Detection.ipynb,420
C:\Users\jbous\Desktop\Data-Analyst\Work_Ordner\Self_Education\Files\Data_Analyses\Zentral_Ordner\Fachwörter,Skedastizität.ipynb,250
C:\Users\jbous\Desktop\Data-Analyst\Work_Ordner\Self_Education\Files\Data_Analyses\Zentral_Ordner\Fachwörter,Stakeholder.ipynb,1420
C:\Users\jbous\Desktop\Data-Analyst\Work_Ordner\Self_Education\Files\Data_Analyses\Zentral_Ordner\Fachwörter,Subsetting.ipynb,386
C:\Users\jbous\Desktop\Data-Analyst\Work_Ordner\Self_Education\Files\Data_Analyses\Zentral_Ordner\Fachwörter,To do.ipynb,991
C:\Users\jbous\Desktop\Data-Analyst\Work_Ordner\Self_Education\Files\Data_Analyses\Zentral_Ordner\Fachwörter,Zielvariable.ipynb,346
C:\Users\jbous\Desktop\Data-Analyst\Work_Ordner\Self_Education\Files\Data_Analyses\Zentral_Ordner\Fachwörter\.ipynb_checkpoints,KPIs-checkpoint.ipynb,0
C:\Users\jbous\Desktop\Data-Analyst\Work_Ordner\Self_Education\Files\Data_Analyses\Zentral_Ordner\Fachwörter\.ipynb_checkpoints,Regression_Model-checkpoint.ipynb,18
C:\Users\jbous\Desktop\Data-Analyst\Work_Ordner\Self_Education\Files\Data_Analyses\Zentral_Ordner\Fachwörter\.ipynb_checkpoints,Stakeholder-checkpoint.ipynb,1420
C:\Users\jbous\Desktop\Data-Analyst\Work_Ordner\Self_Education\Files\Data_Analyses\Zentral_Ordner\Formeln,Accuracy.ipynb,10
C:\Users\jbous\Desktop\Data-Analyst\Work_Ordner\Self_Education\Files\Data_Analyses\Zentral_Ordner\Formeln,Bestimmtheitsmaß.ipynb,5336
C:\Users\jbous\Desktop\Data-Analyst\Work_Ordner\Self_Education\Files\Data_Analyses\Zentral_Ordner\Formeln,Bias_Off_Set.ipynb,333
C:\Users\jbous\Desktop\Data-Analyst\Work_Ordner\Self_Education\Files\Data_Analyses\Zentral_Ordner\Formeln,Boxplot_Quartil.ipynb,2671
C:\Users\jbous\Desktop\Data-Analyst\Work_Ordner\Self_Education\Files\Data_Analyses\Zentral_Ordner\Formeln,Eigenvektor.ipynb,14
C:\Users\jbous\Desktop\Data-Analyst\Work_Ordner\Self_Education\Files\Data_Analyses\Zentral_Ordner\Formeln,F_Score.ipynb,46
C:\Users\jbous\Desktop\Data-Analyst\Work_Ordner\Self_Education\Files\Data_Analyses\Zentral_Ordner\Formeln,Induktive_Statistik.ipynb,1204
C:\Users\jbous\Desktop\Data-Analyst\Work_Ordner\Self_Education\Files\Data_Analyses\Zentral_Ordner\Formeln,l.ipynb,0
C:\Users\jbous\Desktop\Data-Analyst\Work_Ordner\Self_Education\Files\Data_Analyses\Zentral_Ordner\Formeln,MAE.ipynb,1370
C:\Users\jbous\Desktop\Data-Analyst\Work_Ordner\Self_Education\Files\Data_Analyses\Zentral_Ordner\Formeln,Methode_der_kleinsten_Quadrate.ipynb,113
C:\Users\jbous\Desktop\Data-Analyst\Work_Ordner\Self_Education\Files\Data_Analyses\Zentral_Ordner\Formeln,MSE.ipynb,1166
C:\Users\jbous\Desktop\Data-Analyst\Work_Ordner\Self_Education\Files\Data_Analyses\Zentral_Ordner\Formeln,Multivariate_Statistik.ipynb,2535
C:\Users\jbous\Desktop\Data-Analyst\Work_Ordner\Self_Education\Files\Data_Analyses\Zentral_Ordner\Formeln,Standardabweichung.ipynb,347
C:\Users\jbous\Desktop\Data-Analyst\Work_Ordner\Self_Education\Files\Data_Analyses\Zentral_Ordner\Formeln,Stichproben_Größe.ipynb,1396
C:\Users\jbous\Desktop\Data-Analyst\Work_Ordner\Self_Education\Files\Data_Analyses\Zentral_Ordner\Formeln,Unterschied.ipynb,1210
C:\Users\jbous\Desktop\Data-Analyst\Work_Ordner\Self_Education\Files\Data_Analyses\Zentral_Ordner\Formeln,Varianz.ipynb,489
C:\Users\jbous\Desktop\Data-Analyst\Work_Ordner\Self_Education\Files\Data_Analyses\Zentral_Ordner\Formeln,_Formeln_.ipynb,179
C:\Users\jbous\Desktop\Data-Analyst\Work_Ordner\Self_Education\Files\Data_Analyses\Zentral_Ordner\Formeln\.ipynb_checkpoints,_Formeln_-checkpoint.ipynb,179
C:\Users\jbous\Desktop\Data-Analyst\Work_Ordner\Self_Education\Files\Data_Analyses\Zentral_Ordner\Formeln\Mathenachhilfe,Mathenachhilfe .ipynb,2390
C:\Users\jbous\Desktop\Data-Analyst\Work_Ordner\Self_Education\Files\Data_Analyses\Zentral_Ordner\Funktionen_und_Methoden,arr.reshape.ipynb,1521
C:\Users\jbous\Desktop\Data-Analyst\Work_Ordner\Self_Education\Files\Data_Analyses\Zentral_Ordner\Funktionen_und_Methoden,df.crosstab.ipynb,441
C:\Users\jbous\Desktop\Data-Analyst\Work_Ordner\Self_Education\Files\Data_Analyses\Zentral_Ordner\Funktionen_und_Methoden,df.fillna.ipynb,673
C:\Users\jbous\Desktop\Data-Analyst\Work_Ordner\Self_Education\Files\Data_Analyses\Zentral_Ordner\Funktionen_und_Methoden,df.groupby.ipynb,767
C:\Users\jbous\Desktop\Data-Analyst\Work_Ordner\Self_Education\Files\Data_Analyses\Zentral_Ordner\Funktionen_und_Methoden,df.iloc.ipynb,1044
C:\Users\jbous\Desktop\Data-Analyst\Work_Ordner\Self_Education\Files\Data_Analyses\Zentral_Ordner\Funktionen_und_Methoden,df.loc.ipynb,917
C:\Users\jbous\Desktop\Data-Analyst\Work_Ordner\Self_Education\Files\Data_Analyses\Zentral_Ordner\Funktionen_und_Methoden,df.sort_values.ipynb,563
C:\Users\jbous\Desktop\Data-Analyst\Work_Ordner\Self_Education\Files\Data_Analyses\Zentral_Ordner\Funktionen_und_Methoden,drop.ipynb,149
C:\Users\jbous\Desktop\Data-Analyst\Work_Ordner\Self_Education\Files\Data_Analyses\Zentral_Ordner\Funktionen_und_Methoden,Logarithmus.ipynb,69
C:\Users\jbous\Desktop\Data-Analyst\Work_Ordner\Self_Education\Files\Data_Analyses\Zentral_Ordner\Funktionen_und_Methoden,multi_arrays.ipynb,1094
C:\Users\jbous\Desktop\Data-Analyst\Work_Ordner\Self_Education\Files\Data_Analyses\Zentral_Ordner\Funktionen_und_Methoden,np.arange.ipynb,1531
C:\Users\jbous\Desktop\Data-Analyst\Work_Ordner\Self_Education\Files\Data_Analyses\Zentral_Ordner\Funktionen_und_Methoden,np.array.ipynb,1832
C:\Users\jbous\Desktop\Data-Analyst\Work_Ordner\Self_Education\Files\Data_Analyses\Zentral_Ordner\Funktionen_und_Methoden,np.linspace.ipynb,1883
C:\Users\jbous\Desktop\Data-Analyst\Work_Ordner\Self_Education\Files\Data_Analyses\Zentral_Ordner\Funktionen_und_Methoden,np.random.rand.ipynb,1134
C:\Users\jbous\Desktop\Data-Analyst\Work_Ordner\Self_Education\Files\Data_Analyses\Zentral_Ordner\Funktionen_und_Methoden,pd.DataFrame.ipynb,790
C:\Users\jbous\Desktop\Data-Analyst\Work_Ordner\Self_Education\Files\Data_Analyses\Zentral_Ordner\Funktionen_und_Methoden,pd.read_csv.ipynb,155
C:\Users\jbous\Desktop\Data-Analyst\Work_Ordner\Self_Education\Files\Data_Analyses\Zentral_Ordner\Funktionen_und_Methoden,pd.read_excel.ipynb,453
C:\Users\jbous\Desktop\Data-Analyst\Work_Ordner\Self_Education\Files\Data_Analyses\Zentral_Ordner\Funktionen_und_Methoden,pd.Series.ipynb,644
C:\Users\jbous\Desktop\Data-Analyst\Work_Ordner\Self_Education\Files\Data_Analyses\Zentral_Ordner\Funktionen_und_Methoden,Pipeline.ipynb,3156
C:\Users\jbous\Desktop\Data-Analyst\Work_Ordner\Self_Education\Files\Data_Analyses\Zentral_Ordner\Funktionen_und_Methoden,PolynominalFeatures.ipynb,2214
C:\Users\jbous\Desktop\Data-Analyst\Work_Ordner\Self_Education\Files\Data_Analyses\Zentral_Ordner\Funktionen_und_Methoden,scaler.ipynb,2355
C:\Users\jbous\Desktop\Data-Analyst\Work_Ordner\Self_Education\Files\Data_Analyses\Zentral_Ordner\Funktionen_und_Methoden,sklearn.SimpleImputer.ipynb,427
C:\Users\jbous\Desktop\Data-Analyst\Work_Ordner\Self_Education\Files\Data_Analyses\Zentral_Ordner\Funktionen_und_Methoden,Spaltenauswahl.ipynb,2181
C:\Users\jbous\Desktop\Data-Analyst\Work_Ordner\Self_Education\Files\Data_Analyses\Zentral_Ordner\Funktionen_und_Methoden,Speedtest.ipynb,1837
C:\Users\jbous\Desktop\Data-Analyst\Work_Ordner\Self_Education\Files\Data_Analyses\Zentral_Ordner\Funktionen_und_Methoden,_Inhaltsverzeichnis_FM_.ipynb,256
C:\Users\jbous\Desktop\Data-Analyst\Work_Ordner\Self_Education\Files\Data_Analyses\Zentral_Ordner\Funktionen_und_Methoden\.ipynb_checkpoints,arr.reshape-checkpoint.ipynb,1520
C:\Users\jbous\Desktop\Data-Analyst\Work_Ordner\Self_Education\Files\Data_Analyses\Zentral_Ordner\Funktionen_und_Methoden\.ipynb_checkpoints,df.groupby-checkpoint.ipynb,767
C:\Users\jbous\Desktop\Data-Analyst\Work_Ordner\Self_Education\Files\Data_Analyses\Zentral_Ordner\Funktionen_und_Methoden\.ipynb_checkpoints,df.loc-checkpoint.ipynb,917
C:\Users\jbous\Desktop\Data-Analyst\Work_Ordner\Self_Education\Files\Data_Analyses\Zentral_Ordner\Funktionen_und_Methoden\.ipynb_checkpoints,Logarithmus-checkpoint.ipynb,69
C:\Users\jbous\Desktop\Data-Analyst\Work_Ordner\Self_Education\Files\Data_Analyses\Zentral_Ordner\Funktionen_und_Methoden\.ipynb_checkpoints,np.arange-checkpoint.ipynb,1530
C:\Users\jbous\Desktop\Data-Analyst\Work_Ordner\Self_Education\Files\Data_Analyses\Zentral_Ordner\Funktionen_und_Methoden\.ipynb_checkpoints,np.array-checkpoint.ipynb,1832
C:\Users\jbous\Desktop\Data-Analyst\Work_Ordner\Self_Education\Files\Data_Analyses\Zentral_Ordner\Funktionen_und_Methoden\.ipynb_checkpoints,np.linspace-checkpoint.ipynb,1834
C:\Users\jbous\Desktop\Data-Analyst\Work_Ordner\Self_Education\Files\Data_Analyses\Zentral_Ordner\Funktionen_und_Methoden\.ipynb_checkpoints,np.random.rand-checkpoint.ipynb,1134
C:\Users\jbous\Desktop\Data-Analyst\Work_Ordner\Self_Education\Files\Data_Analyses\Zentral_Ordner\Funktionen_und_Methoden\.ipynb_checkpoints,pd.read_csv-checkpoint.ipynb,78
C:\Users\jbous\Desktop\Data-Analyst\Work_Ordner\Self_Education\Files\Data_Analyses\Zentral_Ordner\Funktionen_und_Methoden\.ipynb_checkpoints,pd.read_excel-checkpoint.ipynb,445
C:\Users\jbous\Desktop\Data-Analyst\Work_Ordner\Self_Education\Files\Data_Analyses\Zentral_Ordner\Module,_Inhaltsverzeichnis_Module_.ipynb,555
C:\Users\jbous\Desktop\Data-Analyst\Work_Ordner\Self_Education\Files\Data_Analyses\Zentral_Ordner\Module\Numpy,Arrays.ipynb,938
C:\Users\jbous\Desktop\Data-Analyst\Work_Ordner\Self_Education\Files\Data_Analyses\Zentral_Ordner\Module\Numpy,NumPy.ipynb,3411
C:\Users\jbous\Desktop\Data-Analyst\Work_Ordner\Self_Education\Files\Data_Analyses\Zentral_Ordner\Module\Numpy,Numpy_Datentypen.ipynb,3396
C:\Users\jbous\Desktop\Data-Analyst\Work_Ordner\Self_Education\Files\Data_Analyses\Zentral_Ordner\Module\Numpy,Numpy_Einstieg.ipynb,1721
C:\Users\jbous\Desktop\Data-Analyst\Work_Ordner\Self_Education\Files\Data_Analyses\Zentral_Ordner\Module\Numpy,Random.ipynb,78
C:\Users\jbous\Desktop\Data-Analyst\Work_Ordner\Self_Education\Files\Data_Analyses\Zentral_Ordner\Module\Numpy,Untitled1.ipynb,0
C:\Users\jbous\Desktop\Data-Analyst\Work_Ordner\Self_Education\Files\Data_Analyses\Zentral_Ordner\Module\Numpy\.ipynb_checkpoints,Arrays-checkpoint.ipynb,938
C:\Users\jbous\Desktop\Data-Analyst\Work_Ordner\Self_Education\Files\Data_Analyses\Zentral_Ordner\Module\Numpy\.ipynb_checkpoints,NumPy-checkpoint.ipynb,3411
C:\Users\jbous\Desktop\Data-Analyst\Work_Ordner\Self_Education\Files\Data_Analyses\Zentral_Ordner\Module\Numpy\.ipynb_checkpoints,Numpy_Einstieg-checkpoint.ipynb,1721
C:\Users\jbous\Desktop\Data-Analyst\Work_Ordner\Self_Education\Files\Data_Analyses\Zentral_Ordner\Module\Numpy\.ipynb_checkpoints,Random-checkpoint.ipynb,78
C:\Users\jbous\Desktop\Data-Analyst\Work_Ordner\Self_Education\Files\Data_Analyses\Zentral_Ordner\Module\Numpy\.ipynb_checkpoints,Untitled1-checkpoint.ipynb,0
C:\Users\jbous\Desktop\Data-Analyst\Work_Ordner\Self_Education\Files\Data_Analyses\Zentral_Ordner\Module\Pandas,Pandas.ipynb,226
C:\Users\jbous\Desktop\Data-Analyst\Work_Ordner\Self_Education\Files\Data_Analyses\Zentral_Ordner\Module\Pandas\.ipynb_checkpoints,Pandas-checkpoint.ipynb,200
C:\Users\jbous\Desktop\Data-Analyst\Work_Ordner\Self_Education\Files\Data_Analyses\Zentral_Ordner\Module\Python_Standard_Library,collections.ipynb,4438
C:\Users\jbous\Desktop\Data-Analyst\Work_Ordner\Self_Education\Files\Data_Analyses\Zentral_Ordner\Module\Python_Standard_Library,re.ipynb,1472
C:\Users\jbous\Desktop\Data-Analyst\Work_Ordner\Self_Education\Files\Data_Analyses\Zentral_Ordner\Module\Sonstige,BeautifulSoup.ipynb,181
C:\Users\jbous\Desktop\Data-Analyst\Work_Ordner\Self_Education\Files\Data_Analyses\Zentral_Ordner\Module\Sonstige,Tensorflow.ipynb,1534
C:\Users\jbous\Desktop\Data-Analyst\Work_Ordner\Self_Education\Files\Data_Analyses\Zentral_Ordner\Module\Sonstige,xgboost.ipynb,93
C:\Users\jbous\Desktop\Data-Analyst\Work_Ordner\Self_Education\Files\Data_Analyses\Zentral_Ordner\Prüfung,EXIN.ipynb,713
C:\Users\jbous\Desktop\Data-Analyst\Work_Ordner\Self_Education\Files\Data_Analyses\Zentral_Ordner\Prüfung,PCED.ipynb,152
C:\Users\jbous\Desktop\Data-Analyst\Work_Ordner\Self_Education\Files\Data_Analyses\Zentral_Ordner\Übungsaufgaben,ex_Backpropagation.ipynb,2870
C:\Users\jbous\Desktop\Data-Analyst\Work_Ordner\Self_Education\Files\Data_Analyses\Zentral_Ordner\Übungsaufgaben,ÜA_Quellen.ipynb,179
C:\Users\jbous\Desktop\Data-Analyst\Work_Ordner\Self_Education\Files\Data_Analyses\_Hier_neue_Files_rein_\Block 1\Data_Cleaning\Objective 1.2.1\Integriert,1_daten_strukturiert.ipynb,28290
C:\Users\jbous\Desktop\Data-Analyst\Work_Ordner\Self_Education\Files\Data_Analyses\_Hier_neue_Files_rein_\Block 1\Data_Cleaning\Objective 1.2.1\Integriert,2_Daten_unstrukturiert.ipynb,38998
C:\Users\jbous\Desktop\Data-Analyst\Work_Ordner\Self_Education\Files\Data_Analyses\_Hier_neue_Files_rein_\Block 1\Data_Cleaning\Objective 1.2.1\Integriert,3_einfluss_des_datentyps.ipynb,11324
C:\Users\jbous\Desktop\Data-Analyst\Work_Ordner\Self_Education\Files\Data_Analyses\_Hier_neue_Files_rein_\Block 1\Data_Cleaning\Objective 1.2.1\Integriert\.ipynb_checkpoints,1_daten_strukturiert-checkpoint.ipynb,28290
C:\Users\jbous\Desktop\Data-Analyst\Work_Ordner\Self_Education\Files\Data_Analyses\_Hier_neue_Files_rein_\Block 1\Data_Cleaning\Objective 1.2.2\integriert,1_datenfehler_und_inkonsistenzen_erkennen.ipynb,10410
C:\Users\jbous\Desktop\Data-Analyst\Work_Ordner\Self_Education\Files\Data_Analyses\_Hier_neue_Files_rein_\Block 1\Data_Cleaning\Objective 1.2.2\integriert,2_+_3_umgang_und_behebung_fehlerhafte_daten.ipynb,14989
C:\Users\jbous\Desktop\Data-Analyst\Work_Ordner\Self_Education\Files\Data_Analyses\_Hier_neue_Files_rein_\Block 1\Data_Cleaning\Objective 1.2.2\integriert,4_fehlerarten.ipynb,10082
C:\Users\jbous\Desktop\Data-Analyst\Work_Ordner\Self_Education\Files\Data_Analyses\_Hier_neue_Files_rein_\Block 1\Data_Cleaning\Objective 1.2.2\integriert,5_fehlende_daten_techniken.ipynb,2490
C:\Users\jbous\Desktop\Data-Analyst\Work_Ordner\Self_Education\Files\Data_Analyses\_Hier_neue_Files_rein_\Block 1\Data_Cleaning\Objective 1.2.2\integriert,6_korrektur_loeschung_auswirkungen.ipynb,11874
C:\Users\jbous\Desktop\Data-Analyst\Work_Ordner\Self_Education\Files\Data_Analyses\_Hier_neue_Files_rein_\Block 1\Data_Cleaning\Objective 1.2.2\integriert,7_+_8_+_9_ausreisser_erkennen.ipynb,22315
C:\Users\jbous\Desktop\Data-Analyst\Work_Ordner\Self_Education\Files\Data_Analyses\_Hier_neue_Files_rein_\Block 1\Data_Cleaning\Objective 1.2.2\integriert,uebung_mit_datensatz_house_prices.ipynb,6770
C:\Users\jbous\Desktop\Data-Analyst\Work_Ordner\Self_Education\Files\Data_Analyses\_Hier_neue_Files_rein_\Block 1\Data_Cleaning\Objective 1.2.2\integriert\.ipynb_checkpoints,1_datenfehler_und_inkonsistenzen_erkennen-checkpoint.ipynb,10410
C:\Users\jbous\Desktop\Data-Analyst\Work_Ordner\Self_Education\Files\Data_Analyses\_Hier_neue_Files_rein_\Block 1\Data_Cleaning\Objective 1.2.2\integriert\.ipynb_checkpoints,2_+_3_umgang_und_behebung_fehlerhafte_daten-checkpoint.ipynb,14989
C:\Users\jbous\Desktop\Data-Analyst\Work_Ordner\Self_Education\Files\Data_Analyses\_Hier_neue_Files_rein_\Block 1\Data_Cleaning\Objective 1.2.2\integriert\.ipynb_checkpoints,5_fehlende_daten_techniken-checkpoint.ipynb,2490
C:\Users\jbous\Desktop\Data-Analyst\Work_Ordner\Self_Education\Files\Data_Analyses\_Hier_neue_Files_rein_\Block 1\Data_Collection\Objective 1.1.1\Integriert,1_umfragen_interviews_webscraping.ipynb,10399
C:\Users\jbous\Desktop\Data-Analyst\Work_Ordner\Self_Education\Files\Data_Analyses\_Hier_neue_Files_rein_\Block 1\Data_Collection\Objective 1.1.1\Integriert,2_repraesentativ_herausford_quali_quanti.ipynb,8569
C:\Users\jbous\Desktop\Data-Analyst\Work_Ordner\Self_Education\Files\Data_Analyses\_Hier_neue_Files_rein_\Block 1\Data_Collection\Objective 1.1.1\Integriert,3_recht_ethik.ipynb,16618
C:\Users\jbous\Desktop\Data-Analyst\Work_Ordner\Self_Education\Files\Data_Analyses\_Hier_neue_Files_rein_\Block 1\Data_Collection\Objective 1.1.1\Integriert,4_anonymisierung.ipynb,27749
C:\Users\jbous\Desktop\Data-Analyst\Work_Ordner\Self_Education\Files\Data_Analyses\_Hier_neue_Files_rein_\Block 1\Data_Collection\Objective 1.1.1\Integriert,5_einfluss_auf_geschaeftsprozesse.ipynb,15089
C:\Users\jbous\Desktop\Data-Analyst\Work_Ordner\Self_Education\Files\Data_Analyses\_Hier_neue_Files_rein_\Block 1\Data_Collection\Objective 1.1.1\Integriert,webscraping.ipynb,21813
C:\Users\jbous\Desktop\Data-Analyst\Work_Ordner\Self_Education\Files\Data_Analyses\_Hier_neue_Files_rein_\Block 1\Data_Collection\Objective 1.1.1\Integriert,web_scraping_beautiful_soup.ipynb,13452
C:\Users\jbous\Desktop\Data-Analyst\Work_Ordner\Self_Education\Files\Data_Analyses\_Hier_neue_Files_rein_\Block 1\Data_Collection\Objective 1.1.1\Integriert,web_scrap_bit_coin.ipynb,2937
C:\Users\jbous\Desktop\Data-Analyst\Work_Ordner\Self_Education\Files\Data_Analyses\_Hier_neue_Files_rein_\Block 1\Data_Collection\Objective 1.1.1\Integriert\.ipynb_checkpoints,1_umfragen_interviews_webscraping-checkpoint.ipynb,10399
C:\Users\jbous\Desktop\Data-Analyst\Work_Ordner\Self_Education\Files\Data_Analyses\_Hier_neue_Files_rein_\Block 1\Data_Collection\Objective 1.1.1\Integriert\.ipynb_checkpoints,2_repraesentativ_herausford_quali_quanti-checkpoint.ipynb,8569
C:\Users\jbous\Desktop\Data-Analyst\Work_Ordner\Self_Education\Files\Data_Analyses\_Hier_neue_Files_rein_\Block 1\Data_Collection\Objective 1.1.1\Integriert\.ipynb_checkpoints,3_recht_ethik-checkpoint.ipynb,16618
C:\Users\jbous\Desktop\Data-Analyst\Work_Ordner\Self_Education\Files\Data_Analyses\_Hier_neue_Files_rein_\Block 1\Data_Collection\Objective 1.1.1\Integriert\.ipynb_checkpoints,4_anonymisierung-checkpoint.ipynb,27749
C:\Users\jbous\Desktop\Data-Analyst\Work_Ordner\Self_Education\Files\Data_Analyses\_Hier_neue_Files_rein_\Block 1\Data_Collection\Objective 1.1.1\Integriert\.ipynb_checkpoints,5_einfluss_auf_geschaeftsprozesse-checkpoint.ipynb,15089
C:\Users\jbous\Desktop\Data-Analyst\Work_Ordner\Self_Education\Files\Data_Analyses\_Hier_neue_Files_rein_\Block 1\Data_Collection\Objective 1.1.1\Integriert\.ipynb_checkpoints,webscraping-checkpoint.ipynb,21813
C:\Users\jbous\Desktop\Data-Analyst\Work_Ordner\Self_Education\Files\Data_Analyses\_Hier_neue_Files_rein_\Block 1\Data_Collection\Objective 1.1.1\Integriert\.ipynb_checkpoints,web_scraping_beautiful_soup-checkpoint.ipynb,13452
C:\Users\jbous\Desktop\Data-Analyst\Work_Ordner\Self_Education\Files\Data_Analyses\_Hier_neue_Files_rein_\Block 1\Data_Collection\Objective 1.1.1\Integriert\.ipynb_checkpoints,web_scrap_bit_coin-checkpoint.ipynb,2937
C:\Users\jbous\Desktop\Data-Analyst\Work_Ordner\Self_Education\Files\Data_Analyses\_Hier_neue_Files_rein_\Block 1\Data_Collection\Objective 1.1.2\integriert,datenerhebungsprozess.ipynb,19354
C:\Users\jbous\Desktop\Data-Analyst\Work_Ordner\Self_Education\Files\Data_Analyses\_Hier_neue_Files_rein_\Block 1\Data_Collection\Objective 1.1.3\Integriert,1_combining_data.ipynb,18573
C:\Users\jbous\Desktop\Data-Analyst\Work_Ordner\Self_Education\Files\Data_Analyses\_Hier_neue_Files_rein_\Block 1\Data_Collection\Objective 1.1.3\Integriert,2_datenaggregation_herausforderungen.ipynb,7003
C:\Users\jbous\Desktop\Data-Analyst\Work_Ordner\Self_Education\Files\Data_Analyses\_Hier_neue_Files_rein_\Block 1\Data_Collection\Objective 1.1.3\Integriert,3_bedeutung_datenkonsistenz_genauigkeit.ipynb,5690
C:\Users\jbous\Desktop\Data-Analyst\Work_Ordner\Self_Education\Files\Data_Analyses\_Hier_neue_Files_rein_\Block 1\Data_Collection\Objective 1.1.3\Integriert\.ipynb_checkpoints,1_combining_data-checkpoint.ipynb,18573
C:\Users\jbous\Desktop\Data-Analyst\Work_Ordner\Self_Education\Files\Data_Analyses\_Hier_neue_Files_rein_\Block 1\Data_Collection\Objective 1.1.3\Integriert\.ipynb_checkpoints,2_datenaggregation_herausforderungen-checkpoint.ipynb,7003
C:\Users\jbous\Desktop\Data-Analyst\Work_Ordner\Self_Education\Files\Data_Analyses\_Hier_neue_Files_rein_\Block 1\Data_Collection\Objective 1.1.3\Integriert\.ipynb_checkpoints,3_bedeutung_datenkonsistenz_genauigkeit-checkpoint.ipynb,5690
C:\Users\jbous\Desktop\Data-Analyst\Work_Ordner\Self_Education\Files\Data_Analyses\_Hier_neue_Files_rein_\Block 1\Data_Collection\Objective 1.1.4\integriert,1_speichermethoden_und_anwendung.ipynb,5794
C:\Users\jbous\Desktop\Data-Analyst\Work_Ordner\Self_Education\Files\Data_Analyses\_Hier_neue_Files_rein_\Block 1\Data_Collection\Objective 1.1.4\integriert,2_datawarehouse_datalake_filebased_storage.ipynb,6569
C:\Users\jbous\Desktop\Data-Analyst\Work_Ordner\Self_Education\Files\Data_Analyses\_Hier_neue_Files_rein_\Block 1\Data_Collection\Objective 1.1.4\integriert,3_cloud_storage.ipynb,2681
C:\Users\jbous\Desktop\Data-Analyst\Work_Ordner\Self_Education\Files\Data_Analyses\_Hier_neue_Files_rein_\Block 1\Data_Collection\Objective 1.1.4\integriert\.ipynb_checkpoints,1_speichermethoden_und_anwendung-checkpoint.ipynb,5794
C:\Users\jbous\Desktop\Data-Analyst\Work_Ordner\Self_Education\Files\Data_Analyses\_Hier_neue_Files_rein_\Block 3,Syllabus_Block_3.ipynb,6298
C:\Users\jbous\Desktop\Data-Analyst\Work_Ordner\Self_Education\Files\Data_Analyses\_Hier_neue_Files_rein_\Block 3\Integriert\Deskriptive Statistik\Objective 3.1.1\integriert,1_measures of central tendency and spread..ipynb,3208
C:\Users\jbous\Desktop\Data-Analyst\Work_Ordner\Self_Education\Files\Data_Analyses\_Hier_neue_Files_rein_\Block 3\Integriert\Deskriptive Statistik\Objective 3.1.1\integriert,2_fundamental statistical distributions .ipynb,28779
C:\Users\jbous\Desktop\Data-Analyst\Work_Ordner\Self_Education\Files\Data_Analyses\_Hier_neue_Files_rein_\Block 3\Integriert\Deskriptive Statistik\Objective 3.1.1\integriert,3_confidence_measures.ipynb,30692
C:\Users\jbous\Desktop\Data-Analyst\Work_Ordner\Self_Education\Files\Data_Analyses\_Hier_neue_Files_rein_\Block 3\Integriert\Deskriptive Statistik\Objective 3.1.1\integriert,ex_Hypothesentest_Geiser_Uebungen.ipynb,7448
C:\Users\jbous\Desktop\Data-Analyst\Work_Ordner\Self_Education\Files\Data_Analyses\_Hier_neue_Files_rein_\Block 3\Integriert\Deskriptive Statistik\Objective 3.1.2,1_outliers_and_correlation.ipynb,8558
C:\Users\jbous\Desktop\Data-Analyst\Work_Ordner\Self_Education\Files\Data_Analyses\_Hier_neue_Files_rein_\Block 3\Integriert\Deskriptive Statistik\Objective 3.1.2,2_plot_assessment.ipynb,3098
C:\Users\jbous\Desktop\Data-Analyst\Work_Ordner\Self_Education\Files\Data_Analyses\_Hier_neue_Files_rein_\Block 3\Integriert\Inferential Statistik,5_Bootstrapping_Sampling_Distributions_5_germ.ipynb,4680
C:\Users\jbous\Desktop\Data-Analyst\Work_Ordner\Self_Education\Files\Data_Analyses\_Hier_neue_Files_rein_\Block 3\Integriert\Inferential Statistik\Objective 3.2.1,1_Grundlagen_und_Statistische_Prinzipien_des_Bootstrappings.ipynb,7706
C:\Users\jbous\Desktop\Data-Analyst\Work_Ordner\Self_Education\Files\Data_Analyses\_Hier_neue_Files_rein_\Block 3\Integriert\Inferential Statistik\Objective 3.2.1,2_Diskrete_und_kontinuierliche Datentypen.ipynb,4936
C:\Users\jbous\Desktop\Data-Analyst\Work_Ordner\Self_Education\Files\Data_Analyses\_Hier_neue_Files_rein_\Block 3\Integriert\Inferential Statistik\Objective 3.2.1,Untiteled.ipynb,264
C:\Users\jbous\Desktop\Data-Analyst\Work_Ordner\Self_Education\Files\Data_Analyses\_Hier_neue_Files_rein_\Block 3\Integriert\Inferential Statistik\Objective 3.2.1\.ipynb_checkpoints,Untiteled-checkpoint.ipynb,264
C:\Users\jbous\Desktop\Data-Analyst\Work_Ordner\Self_Education\Files\Data_Analyses\_Hier_neue_Files_rein_\Block 3\Integriert\Inferential Statistik\Objective 3.2.2,1_Lineare_Regression.ipynb,15416
C:\Users\jbous\Desktop\Data-Analyst\Work_Ordner\Self_Education\Files\Data_Analyses\_Hier_neue_Files_rein_\Block 3\Integriert\Inferential Statistik\Objective 3.2.2,2_Logistische_Regression.ipynb,7884
C:\Users\jbous\Desktop\Data-Analyst\Work_Ordner\Self_Education\Files\Data_Analyses\_Hier_neue_Files_rein_\Block 3\Integriert\Inferential Statistik\Objective 3.2.2,3_Wahl_zw_Lineare_und_Logistische_Regression.ipynb,4516
C:\Users\jbous\Desktop\Data-Analyst\Work_Ordner\Self_Education\Files\Data_Analyses\_Hier_neue_Files_rein_\Block 3\Integriert\Inferential Statistik\Objective 3.2.2,4_Diskrete_und_stetige_Daten.ipynb,3935
C:\Users\jbous\Desktop\Data-Analyst\Work_Ordner\Self_Education\Files\Data_Analyses\_Hier_neue_Files_rein_\Block 3\Integriert\Inferential Statistik\Objective 3.2.2,5_Anwendung_Regressionsmodelle_in_Python.ipynb,8403
C:\Users\jbous\Desktop\Data-Analyst\Work_Ordner\Self_Education\Files\Data_Analyses\_Hier_neue_Files_rein_\Block 3\Integriert\Inferential Statistik\Objective 3.2.2,6_Interpretation_Regressionsanalyse.ipynb,3272
C:\Users\jbous\Desktop\Data-Analyst\Work_Ordner\Self_Education\Files\Data_Analyses\_Hier_neue_Files_rein_\Block 3\Integriert\Inferential Statistik\Objective 3.2.2,7_evtl_Verzerrungen_Regressionsmodelle.ipynb,4217
C:\Users\jbous\Desktop\Data-Analyst\Work_Ordner\Self_Education\Files\Data_Analyses\_Hier_neue_Files_rein_\Block 4\integriert\Datenanalyse mit Pandas + NumPy\Objective 4.1.1,1_Datenaufbereitung_mit_Pandas.ipynb,7782
C:\Users\jbous\Desktop\Data-Analyst\Work_Ordner\Self_Education\Files\Data_Analyses\_Hier_neue_Files_rein_\Block 4\integriert\Datenanalyse mit Pandas + NumPy\Objective 4.1.1,2_fortgeschrittene_Datenmanipulationstechniken.ipynb,6669
C:\Users\jbous\Desktop\Data-Analyst\Work_Ordner\Self_Education\Files\Data_Analyses\_Hier_neue_Files_rein_\Block 4\integriert\Datenanalyse mit Pandas + NumPy\Objective 4.1.1\.ipynb_checkpoints,1_Datenaufbereitung_mit_Pandas-checkpoint.ipynb,7782
C:\Users\jbous\Desktop\Data-Analyst\Work_Ordner\Self_Education\Files\Data_Analyses\_Hier_neue_Files_rein_\Block 4\integriert\Datenanalyse mit Pandas + NumPy\Objective 4.1.2,1_beziehung_dataframe_series.ipynb,2529
C:\Users\jbous\Desktop\Data-Analyst\Work_Ordner\Self_Education\Files\Data_Analyses\_Hier_neue_Files_rein_\Block 4\integriert\Datenanalyse mit Pandas + NumPy\Objective 4.1.2,2_Indexierung_vekorisierte_Funktionen.ipynb,5735
C:\Users\jbous\Desktop\Data-Analyst\Work_Ordner\Self_Education\Files\Data_Analyses\_Hier_neue_Files_rein_\Block 4\integriert\Datenanalyse mit Pandas + NumPy\Objective 4.1.2,3_iloc_loc.ipynb,1877
C:\Users\jbous\Desktop\Data-Analyst\Work_Ordner\Self_Education\Files\Data_Analyses\_Hier_neue_Files_rein_\Block 4\integriert\Datenanalyse mit Pandas + NumPy\Objective 4.1.2,Uebungen_Geiser.ipynb,1108
C:\Users\jbous\Desktop\Data-Analyst\Work_Ordner\Self_Education\Files\Data_Analyses\_Hier_neue_Files_rein_\Block 4\integriert\Datenanalyse mit Pandas + NumPy\Objective 4.1.3,1_Array_operations.ipynb,3988
C:\Users\jbous\Desktop\Data-Analyst\Work_Ordner\Self_Education\Files\Data_Analyses\_Hier_neue_Files_rein_\Block 4\integriert\Datenanalyse mit Pandas + NumPy\Objective 4.1.3,2_Datenstrukturen_Unterschiede_Anwendungsfaelle.ipynb,4623
C:\Users\jbous\Desktop\Data-Analyst\Work_Ordner\Self_Education\Files\Data_Analyses\_Hier_neue_Files_rein_\Block 4\integriert\Datenanalyse mit Pandas + NumPy\Objective 4.1.3,3_Effizienz_und_Eignung_verschiedener_Datentypen.ipynb,5881
C:\Users\jbous\Desktop\Data-Analyst\Work_Ordner\Self_Education\Files\Data_Analyses\_Hier_neue_Files_rein_\Block 4\integriert\Datenanalyse mit Pandas + NumPy\Objective 4.1.3,uebungen_Geiser.ipynb,5168
C:\Users\jbous\Desktop\Data-Analyst\Work_Ordner\Self_Education\Files\Data_Analyses\_Hier_neue_Files_rein_\Block 4\integriert\Datenanalyse mit Pandas + NumPy\Objective 4.1.4,1_umformen_unterteilen_sortieren_pandas.ipynb,3508
C:\Users\jbous\Desktop\Data-Analyst\Work_Ordner\Self_Education\Files\Data_Analyses\_Hier_neue_Files_rein_\Block 4\integriert\Datenanalyse mit Pandas + NumPy\Objective 4.1.4,2_groupby_pivot_crosstable.ipynb,4102
C:\Users\jbous\Desktop\Data-Analyst\Work_Ordner\Self_Education\Files\Data_Analyses\_Hier_neue_Files_rein_\Block 4\integriert\Datenanalyse mit Pandas + NumPy\Objective 4.1.4,3_deskriptives_statistik_pandas.ipynb,6048
C:\Users\jbous\Desktop\Data-Analyst\Work_Ordner\Self_Education\Files\Data_Analyses\_Hier_neue_Files_rein_\Block 4\integriert\Datenanalyse mit Pandas + NumPy\Objective 4.1.4,ex_aufgabe_gewinn_mitarbeiter_maschinen.ipynb,1908
C:\Users\jbous\Desktop\Data-Analyst\Work_Ordner\Self_Education\Files\Data_Analyses\_Hier_neue_Files_rein_\Block 4\integriert\Datenanalyse mit Pandas + NumPy\Objective 4.1.4,ex_reflexionsfragen.ipynb,260
C:\Users\jbous\Desktop\Data-Analyst\Work_Ordner\Self_Education\Files\Data_Analyses\_Hier_neue_Files_rein_\Block 4\integriert\Statistische Methoden + Machine Learning,1_machine_learning_uebung_1_solution.ipynb,3412
C:\Users\jbous\Desktop\Data-Analyst\Work_Ordner\Self_Education\Files\Data_Analyses\_Hier_neue_Files_rein_\Block 4\integriert\Statistische Methoden + Machine Learning,2_machine_learning_uebung_2_solution.ipynb,3524
C:\Users\jbous\Desktop\Data-Analyst\Work_Ordner\Self_Education\Files\Data_Analyses\_Hier_neue_Files_rein_\Block 4\integriert\Statistische Methoden + Machine Learning,3_machine_learing_uebung_3_log_sol.ipynb,3634
C:\Users\jbous\Desktop\Data-Analyst\Work_Ordner\Self_Education\Files\Data_Analyses\_Hier_neue_Files_rein_\Block 4\integriert\Statistische Methoden + Machine Learning,Untitled.ipynb,5887
C:\Users\jbous\Desktop\Data-Analyst\Work_Ordner\Self_Education\Files\Data_Analyses\_Hier_neue_Files_rein_\Block 4\integriert\Statistische Methoden + Machine Learning\.ipynb_checkpoints,1_machine_learning_uebung_1_solution-checkpoint.ipynb,3412
C:\Users\jbous\Desktop\Data-Analyst\Work_Ordner\Self_Education\Files\Data_Analyses\_Hier_neue_Files_rein_\Block 4\integriert\Statistische Methoden + Machine Learning\.ipynb_checkpoints,Untitled-checkpoint.ipynb,5887
C:\Users\jbous\Desktop\Data-Analyst\Work_Ordner\Self_Education\Files\Data_Analyses\_Hier_neue_Files_rein_\Block 4\integriert\Statistische Methoden + Machine Learning\Objective 4.2.1,1_statistische_kennzahlen_python.ipynb,4442
C:\Users\jbous\Desktop\Data-Analyst\Work_Ordner\Self_Education\Files\Data_Analyses\_Hier_neue_Files_rein_\Block 4\integriert\Statistische Methoden + Machine Learning\Objective 4.2.1,2_python_libraries.ipynb,5511
C:\Users\jbous\Desktop\Data-Analyst\Work_Ordner\Self_Education\Files\Data_Analyses\_Hier_neue_Files_rein_\Block 4\integriert\Statistische Methoden + Machine Learning\Objective 4.2.1\.ipynb_checkpoints,1_statistische_kennzahlen_python-checkpoint.ipynb,4442
C:\Users\jbous\Desktop\Data-Analyst\Work_Ordner\Self_Education\Files\Data_Analyses\_Hier_neue_Files_rein_\Block 4\integriert\Statistische Methoden + Machine Learning\Objective 4.2.2,1_test_datasets.ipynb,11361
C:\Users\jbous\Desktop\Data-Analyst\Work_Ordner\Self_Education\Files\Data_Analyses\_Hier_neue_Files_rein_\Block 4\integriert\Statistische Methoden + Machine Learning\Objective 4.2.2,2_auswahl_geeigneter_testdatensaetze.ipynb,6426
C:\Users\jbous\Desktop\Data-Analyst\Work_Ordner\Self_Education\Files\Data_Analyses\_Hier_neue_Files_rein_\Block 4\integriert\Statistische Methoden + Machine Learning\Objective 4.2.2,Reflexionsfragen.ipynb,2493
C:\Users\jbous\Desktop\Data-Analyst\Work_Ordner\Self_Education\Files\Data_Analyses\_Hier_neue_Files_rein_\Block 4\Übungsaufgaben,EXIN_Data_Analytics_Foundation_Conceptual_Questions.ipynb,3909
C:\Users\jbous\Desktop\Data-Analyst\Work_Ordner\Self_Education\Files\Data_Analyses\_Hier_neue_Files_rein_\Block 4\Übungsaufgaben,pced_block4_conceptual_questions.ipynb,3888
C:\Users\jbous\Desktop\Data-Analyst\Work_Ordner\Self_Education\Files\Data_Analyses\_Hier_neue_Files_rein_\Block 4\Übungsaufgaben,Übungen.ipynb,1943
C:\Users\jbous\Desktop\Data-Analyst\Work_Ordner\Self_Education\Files\Data_Analyses\_Hier_neue_Files_rein_\Block 4\Übungsaufgaben,Übungen_Datensatz_Automobile_data.csv.ipynb,10971
C:\Users\jbous\Desktop\Data-Analyst\Work_Ordner\Self_Education\Files\Data_Analyses\_Hier_neue_Files_rein_\Block 4\Übungsaufgaben,Übungsaufgaben zu 4.ipynb,4760
C:\Users\jbous\Desktop\Data-Analyst\Work_Ordner\Self_Education\Files\Data_Analyses\_Hier_neue_Files_rein_\Block 5\Data Visualization Techniques,uebungen_datenvisualisierung.ipynb,5094
C:\Users\jbous\Desktop\Data-Analyst\Work_Ordner\Self_Education\Files\Data_Analyses\_Hier_neue_Files_rein_\Block 5\Data Visualization Techniques\.ipynb_checkpoints,uebungen_datenvisualisierung-checkpoint.ipynb,5094
C:\Users\jbous\Desktop\Data-Analyst\Work_Ordner\Self_Education\Files\Data_Analyses\_Hier_neue_Files_rein_\Block 5\Data Visualization Techniques\Objective 5.1.1,1_plots.ipynb,3514
