Anonymisierter Name,Geschlecht,Anonymisierte Email,Anonymisiertes Land,Anonymisierte Telefonnummer
Diana Harper,male,ggreen@example.com,Kiribati,557.933.6537
Edward Moss,female,pdunlap@example.com,Greenland,203.530.3103
Christopher Larson,male,isaiahrice@example.net,Swaziland,001-764-793-4058
Alan Noble,male,dawn99@example.com,Netherlands Antilles,(680)903-8790x971
Albert Woods,male,nware@example.net,Indonesia,+1-683-949-3526
Brian Collins,female,potterchristian@example.org,Poland,969-879-3541x449
Steven Reed,male,hartjacqueline@example.net,Qatar,967.890.7033x0624
Rachel Cortez,female,smithbrooke@example.org,Papua New Guinea,607.710.2297x6533
Thomas Jackson,male,qbrennan@example.com,Bosnia and Herzegovina,878.442.6046
Kelsey Thomas,male,andrewgonzales@example.net,South Africa,2252384325
